Date,HDFCBANK.NS,ICICIBANK.NS
2018-01-01,432.68902587890625,298.0550231933594
2018-01-02,436.8537292480469,297.4787292480469
2018-01-03,432.2574157714844,302.5696105957031
2018-01-04,433.9489440917969,302.2814025878906
2018-01-05,434.81219482421875,300.5524597167969
2018-01-08,434.11224365234375,301.75311279296875
2018-01-09,434.8355712890625,300.2643127441406
2018-01-10,434.95220947265625,299.68792724609375
2018-01-11,436.9004211425781,297.28662109375
2018-01-12,435.2088928222656,305.16302490234375
2018-01-15,442.780029296875,316.30523681640625
2018-01-16,443.34002685546875,320.9158630371094
2018-01-17,441.0884704589844,329.70477294921875
2018-01-18,451.3078308105469,332.4903259277344
2018-01-19,455.4842224121094,339.6463317871094
2018-01-22,458.08575439453125,337.62921142578125
2018-01-23,455.2742919921875,348.0030212402344
2018-01-24,456.755859375,338.82989501953125
2018-01-25,460.792236328125,346.5622253417969
2018-01-29,466.55517578125,343.5365295410156
2018-01-30,465.5869445800781,339.3101806640625
2018-01-31,467.96673583984375,339.02203369140625
2018-02-01,464.5719909667969,332.5383605957031
2018-02-02,454.5042724609375,321.8764343261719
2018-02-05,446.5364685058594,316.6894836425781
2018-02-06,442.5583801269531,317.6500549316406
2018-02-07,436.9587707519531,319.4270324707031
2018-02-08,438.86029052734375,320.67572021484375
2018-02-09,431.5224304199219,313.8558349609375
2018-02-12,437.8570556640625,313.3756103515625
2018-02-14,439.3736267089844,306.3637390136719
2018-02-15,439.0819396972656,315.6809387207031
2018-02-16,438.3120422363281,308.380859375
2018-02-19,438.21868896484375,307.13214111328125
2018-02-20,434.7189025878906,304.7307434082031
2018-02-21,433.36566162109375,306.60382080078125
2018-02-22,432.3857421875,305.7873840332031
2018-02-23,438.7669677734375,310.0137023925781
2018-02-26,445.99981689453125,314.1440734863281
2018-02-27,443.9000549316406,309.4374084472656
2018-02-28,439.6185607910156,300.88861083984375
2018-03-01,437.3204040527344,292.9161376953125
2018-03-05,436.29376220703125,291.3793029785156
2018-03-06,430.7641906738281,283.4068298339844
2018-03-07,427.5793151855469,275.3863525390625
2018-03-08,432.30401611328125,285.2318420410156
2018-03-09,431.88409423828125,281.14959716796875
2018-03-12,435.6638488769531,288.78582763671875
2018-03-13,434.0306091308594,292.33984375
2018-03-14,435.022216796875,293.9727478027344
2018-03-15,438.8253173828125,289.5543518066406
2018-03-16,432.3389892578125,286.33648681640625
2018-03-19,430.99749755859375,282.9265441894531
2018-03-20,429.1893005371094,280.4771728515625
2018-03-21,433.7156066894531,277.7876892089844
2018-03-22,435.78045654296875,272.0724792480469
2018-03-23,429.6675720214844,264.6763000488281
2018-03-26,441.7767639160156,270.5356140136719
2018-03-27,441.5783996582031,272.69683837890625
2018-03-28,440.06182861328125,267.3658142089844
2018-04-02,450.5845642089844,251.51695251464844
2018-04-03,447.0147705078125,259.3933410644531
2018-04-04,439.3969421386719,258.048583984375
2018-04-05,445.3815612792969,267.6540222167969
2018-04-06,448.76470947265625,269.5750732421875
2018-04-09,452.4161071777344,269.7672119140625
2018-04-10,448.1697082519531,277.4034423828125
2018-04-11,447.7030334472656,273.3211669921875
2018-04-12,450.0245666503906,275.43438720703125
2018-04-13,449.1379699707031,276.8751220703125
2018-04-16,453.1276550292969,276.2508239746094
2018-04-17,454.6209716796875,280.2370910644531
2018-04-18,450.91119384765625,278.6041259765625
2018-04-19,452.4044189453125,278.17193603515625
2018-04-20,456.34747314453125,271.015869140625
2018-04-23,451.6461486816406,268.3743896484375
2018-04-24,451.4712219238281,272.8889465332031
2018-04-25,448.1463928222656,267.89410400390625
2018-04-26,450.3628845214844,267.84613037109375
2018-04-27,448.76470947265625,276.53900146484375
2018-04-30,453.6410217285156,272.9850158691406
2018-05-02,459.5206604003906,265.9730529785156
2018-05-03,459.1473388671875,270.7757873535156
2018-05-04,463.9537048339844,271.6883544921875
2018-05-07,461.3638916015625,278.36395263671875
2018-05-08,458.9490661621094,297.0945129394531
2018-05-09,461.59716796875,294.6931457519531
2018-05-10,464.93365478515625,294.7411804199219
2018-05-11,469.3782958984375,298.6794128417969
2018-05-14,471.7115478515625,297.86297607421875
2018-05-15,475.45635986328125,296.0859680175781
2018-05-16,472.0848083496094,285.52001953125
2018-05-17,473.1114501953125,284.3193664550781
2018-05-18,469.4716796875,274.8100280761719
2018-05-21,465.0153503417969,277.88372802734375
2018-05-22,464.28033447265625,278.84429931640625
2018-05-23,459.05401611328125,280.52520751953125
2018-05-24,463.37042236328125,285.9522705078125
2018-05-25,468.6667175292969,283.9831237792969
2018-05-28,476.4829406738281,287.4411315917969
2018-05-29,474.2430114746094,278.4601135253906
2018-05-30,477.91778564453125,273.6573486328125
2018-05-31,502.3614196777344,274.5218200683594
2018-06-01,495.5871887207031,277.88372802734375
2018-06-04,480.4654846191406,275.43438720703125
2018-06-05,484.5511779785156,272.8889465332031
2018-06-06,483.0835876464844,272.69683837890625
2018-06-07,484.22235107421875,279.42059326171875
2018-06-08,481.20513916015625,276.8751220703125
2018-06-11,479.5497741699219,275.0981750488281
2018-06-12,479.9136962890625,276.0586853027344
2018-06-13,477.00201416015625,279.27655029296875
2018-06-14,478.399169921875,273.5132751464844
2018-06-15,476.5676574707031,271.35205078125
2018-06-18,474.1139221191406,281.43768310546875
2018-06-19,475.13531494140625,281.24560546875
2018-06-20,482.8017578125,281.6298828125
2018-06-21,483.142333984375,286.1924133300781
2018-06-22,489.1886901855469,288.78582763671875
2018-06-25,491.912353515625,278.2679138183594
2018-06-26,491.6189270019531,276.7311096191406
2018-06-27,496.0567626953125,268.0382080078125
2018-06-28,500.3420104980469,260.6900939941406
2018-06-29,495.0823059082031,264.5322570800781
2018-07-02,486.8171081542969,266.4533386230469
2018-07-03,486.10089111328125,262.1308898925781
2018-07-04,493.9317932128906,262.46710205078125
2018-07-05,498.6748962402344,260.834228515625
2018-07-06,496.6555480957031,259.3933410644531
2018-07-09,499.12103271484375,260.49798583984375
2018-07-10,503.9932861328125,262.6111755371094
2018-07-11,504.427734375,258.14471435546875
2018-07-12,508.5837707519531,261.5545654296875
2018-07-13,512.09423828125,257.18414306640625
2018-07-16,509.26470947265625,249.01956176757812
2018-07-17,511.11968994140625,255.93544006347656
2018-07-18,510.9906005859375,252.33343505859375
2018-07-19,513.315185546875,250.89260864257812
2018-07-20,514.0078735351562,255.3110809326172
2018-07-23,506.35308837890625,264.6763000488281
2018-07-24,507.1279602050781,263.5237121582031
2018-07-25,509.6170654296875,263.81182861328125
2018-07-26,514.8414916992188,274.3777770996094
2018-07-27,517.0838623046875,281.6298828125
2018-07-30,509.5113525390625,295.22149658203125
2018-07-31,511.7654113769531,292.2438049316406
2018-08-01,506.88140869140625,287.4891357421875
2018-08-02,500.1893615722656,286.7686462402344
2018-08-03,498.1817932128906,292.96417236328125
2018-08-06,496.45599365234375,302.6656188964844
2018-08-07,500.3537292480469,300.79254150390625
2018-08-08,501.6335754394531,306.12359619140625
2018-08-09,497.442138671875,319.8592224121094
2018-08-10,496.4911804199219,315.63287353515625
2018-08-13,491.1374816894531,312.07891845703125
2018-08-14,490.538818359375,319.3309631347656
2018-08-16,487.39239501953125,321.1079406738281
2018-08-17,487.7798156738281,326.5830383300781
2018-08-20,492.2058410644531,325.09417724609375
2018-08-21,492.1706237792969,325.4784240722656
2018-08-23,488.37847900390625,323.8935852050781
2018-08-24,486.01873779296875,318.5386962890625
2018-08-27,488.50762939453125,327.94580078125
2018-08-28,491.88897705078125,326.98095703125
2018-08-29,488.0498046875,328.6694641113281
2018-08-30,485.13818359375,332.23931884765625
2018-08-31,483.9875793457031,330.5508728027344
2018-09-03,487.2397155761719,322.3980407714844
2018-09-04,481.7804260253906,316.94671630859375
2018-09-05,480.38330078125,318.0563049316406
2018-09-06,481.87432861328125,317.0914611816406
2018-09-07,482.9895935058594,323.3146667480469
2018-09-10,479.2796936035156,321.1919860839844
2018-09-11,469.71124267578125,315.0653076171875
2018-09-12,472.3998107910156,311.5436706542969
2018-09-14,476.5676574707031,316.802001953125
2018-09-17,467.7857971191406,314.2452392578125
2018-09-18,467.0814208984375,307.6361389160156
2018-09-19,460.5419616699219,309.66229248046875
2018-09-21,462.6317443847656,305.94769287109375
2018-09-24,452.1710510253906,297.891357421875
2018-09-25,458.4404296875,300.15869140625
2018-09-26,462.150390625,302.08837890625
2018-09-27,464.0171203613281,295.86517333984375
2018-09-28,471.03790283203125,294.8039245605469
2018-10-01,477.94122314453125,302.95672607421875
2018-10-03,476.9316101074219,293.0189514160156
2018-10-04,459.6966857910156,305.3688049316406
2018-10-05,461.4694519042969,296.4923400878906
2018-10-08,456.7028503417969,299.9175109863281
2018-10-09,455.6696472167969,295.47930908203125
2018-10-10,461.9039306640625,308.6009826660156
2018-10-11,454.9534912109375,300.7376403808594
2018-10-12,465.35552978515625,308.16680908203125
2018-10-15,471.507568359375,302.32958984375
2018-10-16,467.9150085449219,309.3728332519531
2018-10-17,463.6531677246094,303.728515625
2018-10-19,462.04473876953125,304.3556823730469
2018-10-22,469.3590087890625,315.59600830078125
2018-10-23,466.05999755859375,311.4954528808594
2018-10-24,467.79754638671875,310.6753845214844
2018-10-25,462.29132080078125,308.6974792480469
2018-10-26,460.50677490234375,304.5487060546875
2018-10-29,452.31195068359375,337.1116943359375
2018-10-30,449.1302490234375,333.5418395996094
2018-10-31,448.89544677734375,342.5147705078125
2018-11-01,449.0010986328125,341.260498046875
2018-11-02,457.7477722167969,341.984130859375
2018-11-05,459.2857360839844,337.3528747558594
2018-11-06,457.0668029785156,340.68157958984375
2018-11-07,459.7436218261719,343.3830871582031
2018-11-09,456.7967834472656,344.2996826171875
2018-11-12,451.0791931152344,339.9579772949219
2018-11-13,452.65240478515625,348.20721435546875
2018-11-14,459.6966857910156,353.70684814453125
2018-11-15,463.7823486328125,356.9872131347656
2018-11-16,470.62701416015625,354.62335205078125
2018-11-19,472.8811340332031,349.65447998046875
2018-11-20,472.5406799316406,345.3127746582031
2018-11-21,474.02001953125,344.2032470703125
2018-11-22,470.90875244140625,339.66851806640625
2018-11-26,481.3108215332031,343.8172607421875
2018-11-27,484.6450500488281,342.1770935058594
2018-11-28,490.573974609375,346.3740539550781
2018-11-29,500.3890075683594,349.4615478515625
2018-11-30,499.77850341796875,342.6595153808594
2018-12-03,496.22119140625,342.9971923828125
2018-12-04,489.7052917480469,345.3610534667969
2018-12-05,492.91033935546875,339.0413818359375
2018-12-06,492.40545654296875,335.4232177734375
2018-12-07,494.88275146484375,339.8132629394531
2018-12-10,490.4565734863281,334.1689758300781
2018-12-11,483.6001892089844,330.7438049316406
2018-12-12,489.646484375,337.6423645019531
2018-12-13,493.4034423828125,337.25640869140625
2018-12-14,492.0885314941406,339.5238037109375
2018-12-17,500.1893615722656,345.8434143066406
2018-12-18,501.422119140625,349.509765625
2018-12-19,498.60443115234375,353.6102600097656
2018-12-20,501.891845703125,349.4132995605469
2018-12-21,495.71624755859375,341.742919921875
2018-12-24,488.55462646484375,340.3439025878906
2018-12-26,498.3461608886719,343.33489990234375
2018-12-27,494.28399658203125,343.1418762207031
2018-12-28,498.4752197265625,348.0625305175781
2018-12-31,498.1934814453125,347.4836120605469
2019-01-01,504.3924865722656,350.95697021484375
2019-01-02,499.79022216796875,351.77716064453125
2019-01-03,495.868896484375,350.474609375
2019-01-04,497.1955871582031,352.3560485839844
2019-01-07,497.9469299316406,354.7680969238281
2019-01-08,493.8026123046875,366.7802734375
2019-01-09,497.04302978515625,368.806396484375
2019-01-10,495.0941162109375,366.15313720703125
2019-01-11,495.892333984375,365.23651123046875
2019-01-14,493.4856262207031,360.21942138671875
2019-01-15,498.24041748046875,359.6405334472656
2019-01-16,497.8413391113281,362.1007995605469
2019-01-17,500.68255615234375,361.4254150390625
2019-01-18,500.201171875,358.9168701171875
2019-01-21,504.40423583984375,358.62744140625
2019-01-22,501.5160827636719,356.07061767578125
2019-01-23,494.3660888671875,354.4786682128906
2019-01-24,493.6264953613281,351.9700927734375
2019-01-25,492.1589660644531,344.63739013671875
2019-01-28,489.3764953613281,331.4674377441406
2019-01-29,483.142333984375,334.6513671875
2019-01-30,477.7651672363281,353.03143310546875
2019-01-31,488.3902893066406,351.6324157714844
2019-02-01,490.855712890625,342.1770935058594
2019-02-04,494.24871826171875,342.08056640625
2019-02-05,496.39727783203125,340.24737548828125
2019-02-06,498.4165954589844,346.6635437011719
2019-02-07,497.14862060546875,346.0363464355469
2019-02-08,498.4165954589844,342.6112060546875
2019-02-11,502.4083251953125,337.73883056640625
2019-02-12,500.0719299316406,332.1910400390625
2019-02-14,495.4932556152344,331.8533935546875
2019-02-15,493.25079345703125,330.11669921875
2019-02-18,490.7265930175781,326.83624267578125
2019-02-19,489.3529968261719,331.1780090332031
2019-02-20,495.0588684082031,333.0594482421875
2019-02-21,496.8316650390625,338.94488525390625
2019-02-22,491.0905456542969,339.66851806640625
2019-02-25,499.0623474121094,343.0936279296875
2019-02-26,495.5989074707031,335.95391845703125
2019-02-27,491.2784118652344,333.3970947265625
2019-02-28,487.8267822265625,337.8352966308594
2019-03-01,489.1886901855469,341.7911071777344
2019-03-05,494.7653503417969,350.474609375
2019-03-06,494.09613037109375,358.86865234375
2019-03-07,499.3206481933594,357.75909423828125
2019-03-08,499.7197570800781,357.5661315917969
2019-03-11,499.77850341796875,362.6314697265625
2019-03-12,509.7696838378906,374.547119140625
2019-03-13,522.813232421875,378.1169738769531
2019-03-14,522.3905639648438,374.25762939453125
2019-03-15,529.0238647460938,381.39739990234375
2019-03-18,531.008056640625,384.05072021484375
2019-03-19,532.4873046875,384.38836669921875
2019-03-20,539.8252563476562,379.08184814453125
2019-03-22,534.459716796875,378.0204772949219
2019-03-25,535.6689453125,370.012451171875
2019-03-26,542.72509765625,380.2396240234375
2019-03-27,539.9307250976562,379.3713073730469
2019-03-28,540.7174072265625,386.4627380371094
2019-04-01,542.8306884765625,384.24365234375
2019-04-02,538.8507080078125,383.1823425292969
2019-04-03,538.3574829101562,378.30999755859375
2019-04-04,536.291259765625,375.0777893066406
2019-04-05,541.3748779296875,376.814453125
2019-04-08,537.5708618164062,373.4858093261719
2019-04-09,537.0661010742188,383.1823425292969
2019-04-10,525.3491821289062,380.33612060546875
2019-04-11,530.0806274414062,376.3320617675781
2019-04-12,531.900390625,380.7220458984375
2019-04-15,537.4300537109375,378.9371032714844
2019-04-16,541.2457275390625,392.6859436035156
2019-04-18,538.5689086914062,390.1773681640625
2019-04-22,532.7103271484375,380.62554931640625
2019-04-23,527.2159423828125,382.55523681640625
2019-04-24,535.3050537109375,386.9934387207031
2019-04-25,531.4776611328125,381.493896484375
2019-04-26,535.5867919921875,392.8788757324219
2019-04-30,544.1573486328125,393.1683654785156
2019-05-02,553.1621704101562,381.63861083984375
2019-05-03,556.01513671875,387.6688232421875
2019-05-06,546.740234375,387.1864013671875
2019-05-07,545.3079223632812,372.9068908691406
2019-05-08,541.76220703125,368.7581481933594
2019-05-09,537.923095703125,367.9862976074219
2019-05-10,539.238037109375,371.55615234375
2019-05-13,537.0543823242188,363.0656433105469
2019-05-14,537.2186889648438,367.02142333984375
2019-05-15,536.9368896484375,363.78924560546875
2019-05-16,542.5604858398438,369.0475769042969
2019-05-17,554.6416015625,375.994384765625
2019-05-20,571.1368408203125,393.3612976074219
2019-05-21,564.4095458984375,386.07684326171875
2019-05-22,564.8909301757812,391.09393310546875
2019-05-23,547.5972290039062,396.4005432128906
2019-05-24,557.2831420898438,416.5655212402344
2019-05-27,565.5014038085938,420.1835632324219
2019-05-28,567.3447265625,419.0257873535156
2019-05-29,567.509033203125,408.41265869140625
2019-05-30,572.8275146484375,411.2106628417969
2019-05-31,569.4932250976562,408.7986145019531
2019-06-03,576.948486328125,408.0267333984375
2019-06-04,575.8212890625,404.36041259765625
2019-06-06,569.0236206054688,397.075927734375
2019-06-07,574.7294921875,401.94830322265625
2019-06-10,572.9801025390625,401.4658508300781
2019-06-11,574.905517578125,406.53125
2019-06-12,569.892333984375,403.299072265625
2019-06-13,574.0366821289062,404.84283447265625
2019-06-14,571.7826538085938,403.0578308105469
2019-06-17,568.7066040039062,399.63275146484375
2019-06-18,567.5911865234375,407.3031005859375
2019-06-19,570.1975708007812,405.0357360839844
2019-06-20,573.2691040039062,418.1574401855469
2019-06-21,570.3983764648438,415.6488342285156
2019-06-24,571.2844848632812,414.3464050292969
2019-06-25,573.8242797851562,418.398681640625
2019-06-26,583.0859985351562,423.2228088378906
2019-06-27,581.762939453125,425.44195556640625
2019-06-28,577.380126953125,421.7273254394531
2019-07-01,587.2561645507812,423.5605163574219
2019-07-02,589.4889526367188,421.3896484375
2019-07-03,588.2247924804688,420.6177978515625
2019-07-04,586.8426513671875,420.8589782714844
2019-07-05,584.149169921875,421.00372314453125
2019-07-08,569.3116455078125,410.9212341308594
2019-07-09,562.1172485351562,413.42974853515625
2019-07-10,564.3853149414062,415.7453918457031
2019-07-11,568.7327270507812,411.54833984375
2019-07-12,565.6021118164062,412.03076171875
2019-07-15,565.8030395507812,407.4478454589844
2019-07-16,564.9642333984375,409.66693115234375
2019-07-17,566.44091796875,409.763427734375
2019-07-18,569.8550415039062,403.9261779785156
2019-07-19,561.290283203125,395.869873046875
2019-07-22,542.766845703125,397.9977111816406
2019-07-23,534.7927856445312,398.4329528808594
2019-07-24,538.9037475585938,395.09613037109375
2019-07-25,540.1207275390625,395.5797424316406
2019-07-26,538.0532836914062,402.1082458496094
2019-07-29,530.2564697265625,415.261962890625
2019-07-30,532.1348266601562,411.39324951171875
2019-07-31,531.9929809570312,410.6678161621094
2019-08-01,526.1087036132812,403.36553955078125
2019-08-02,524.3446655273438,397.12725830078125
2019-08-05,516.0331420898438,389.43804931640625
2019-08-06,518.365478515625,396.7886962890625
2019-08-07,517.1578979492188,394.9993591308594
2019-08-08,528.7963256835938,400.8025207519531
2019-08-09,540.3636474609375,406.36383056640625
2019-08-13,525.765380859375,396.7886962890625
2019-08-14,527.920166015625,403.60736083984375
2019-08-16,527.5057373046875,405.2032470703125
2019-08-19,522.568603515625,409.5072021484375
2019-08-20,525.8245849609375,403.220458984375
2019-08-21,527.0677490234375,398.52960205078125
2019-08-22,514.8136596679688,386.0045471191406
2019-08-23,512.1141357421875,382.4259338378906
2019-08-26,534.2424926757812,398.1427917480469
2019-08-27,535.1423950195312,404.86474609375
2019-08-28,532.1943969726562,399.4001159667969
2019-08-29,527.3281860351562,391.1306457519531
2019-08-30,527.5650024414062,396.2083740234375
2019-09-03,523.5394897460938,379.2825927734375
2019-09-04,532.2535400390625,384.45703125
2019-09-05,529.2698974609375,376.2359313964844
2019-09-06,531.8154296875,378.50885009765625
2019-09-09,532.691650390625,382.4743957519531
2019-09-11,533.0941162109375,381.6522216796875
2019-09-12,537.7234497070312,389.4864196777344
2019-09-13,534.5504150390625,399.8353576660156
2019-09-16,531.401123046875,398.6263427734375
2019-09-17,523.6341552734375,387.50372314453125
2019-09-18,518.0459594726562,386.2463684082031
2019-09-19,521.44384765625,373.9146728515625
2019-09-20,568.115966796875,403.8008117675781
2019-09-23,595.4182739257812,431.65576171875
2019-09-24,593.7844848632812,426.4329833984375
2019-09-25,587.1067504882812,419.9528503417969
2019-09-26,588.432861328125,437.1204528808594
2019-09-27,589.2379760742188,434.4606628417969
2019-09-30,581.3053588867188,419.4692687988281
2019-10-01,591.4163818359375,410.6678161621094
2019-10-03,579.4584350585938,413.27923583984375
2019-10-04,563.427490234375,400.3189392089844
2019-10-07,562.1013793945312,402.44671630859375
2019-10-09,581.6369018554688,422.3708190917969
2019-10-10,568.5658569335938,409.7973937988281
2019-10-11,567.7371215820312,414.4882507324219
2019-10-14,570.3892211914062,414.7783508300781
2019-10-15,579.2216186523438,417.6799621582031
2019-10-16,578.2979736328125,421.0167541503906
2019-10-17,577.7771606445312,426.142822265625
2019-10-18,582.0394287109375,423.4346923828125
2019-10-22,586.9174194335938,436.3466796875
2019-10-23,588.006591796875,440.16705322265625
2019-10-24,585.4019165039062,439.8285217285156
2019-10-25,582.0394287109375,453.70770263671875
2019-10-27,586.1595458984375,454.1429138183594
2019-10-29,588.432861328125,461.7353515625
2019-10-30,591.2033081054688,455.6904296875
2019-10-31,582.6788330078125,447.856201171875
2019-11-01,587.2725830078125,447.0824279785156
2019-11-04,585.757080078125,455.061767578125
2019-11-05,587.0120849609375,452.9823303222656
2019-11-06,595.1341552734375,464.92706298828125
2019-11-07,598.4729614257812,462.8476257324219
2019-11-08,594.6369018554688,473.3900146484375
2019-11-11,598.97021484375,480.498779296875
2019-11-13,595.5603637695312,469.81134033203125
2019-11-14,603.303466796875,482.2880554199219
2019-11-15,605.1978759765625,483.4486999511719
2019-11-18,597.6915283203125,481.9979248046875
2019-11-19,602.3563842773438,477.3070983886719
2019-11-20,603.04296875,478.75787353515625
2019-11-21,607.7789306640625,481.9012145996094
2019-11-22,598.97021484375,480.498779296875
2019-11-25,601.9774780273438,481.4659729003906
2019-11-26,603.8482055664062,493.94268798828125
2019-11-27,605.4346923828125,488.913330078125
2019-11-28,599.230712890625,502.1154479980469
2019-11-29,603.8008422851562,495.78033447265625
2019-12-02,599.4437866210938,494.1361083984375
2019-12-03,594.5421142578125,492.6369934082031
2019-12-04,592.7662353515625,511.8840026855469
2019-12-05,589.9010009765625,510.7716979980469
2019-12-06,590.1140747070312,507.5799865722656
2019-12-09,588.64599609375,509.2242736816406
2019-12-10,591.7479858398438,511.3520812988281
2019-12-11,591.3927612304688,516.0429077148438
2019-12-12,598.425537109375,517.7838134765625
2019-12-13,598.5439453125,519.4281005859375
2019-12-16,595.4656372070312,521.555908203125
2019-12-17,601.9774780273438,523.3935546875
2019-12-18,612.0411987304688,523.6353759765625
2019-12-19,610.3599853515625,522.4746704101562
2019-12-20,614.101318359375,528.1810913085938
2019-12-23,616.8007202148438,523.5386352539062
2019-12-24,610.5256958007812,523.3451538085938
2019-12-26,601.6695556640625,521.072265625
2019-12-27,603.824462890625,531.3729248046875
2019-12-30,607.2106323242188,526.1017456054688
2019-12-31,602.4509887695312,521.2173461914062
2020-01-01,605.5293579101562,519.137939453125
2020-01-02,609.3890991210938,522.8616333007812
2020-01-03,600.6987915039062,521.1690063476562
2020-01-06,587.6987915039062,508.45050048828125
2020-01-07,597.0047607421875,505.74237060546875
2020-01-08,595.4419555664062,508.6922912597656
2020-01-09,602.1195068359375,528.3746337890625
2020-01-10,607.4710693359375,522.5231323242188
2020-01-13,609.033935546875,520.9271850585938
2020-01-14,610.6914672851562,519.9599609375
2020-01-15,608.2052001953125,518.0255737304688
2020-01-16,609.8153076171875,519.5247802734375
2020-01-17,605.3162841796875,514.5921630859375
2020-01-20,594.3053588867188,517.30029296875
2020-01-21,589.3089599609375,513.6248779296875
2020-01-22,587.6514892578125,505.6939697265625
2020-01-23,589.5457153320312,510.3848876953125
2020-01-24,589.4036254882812,516.3330688476562
2020-01-27,574.5567016601562,519.6215209960938
2020-01-28,579.2926025390625,510.8684997558594
2020-01-29,585.283447265625,509.32098388671875
2020-01-30,580.6423950195312,514.7373046875
2020-01-31,580.7607421875,508.4021911621094
2020-02-03,564.8955078125,498.633544921875
2020-02-04,582.4182739257812,513.3831787109375
2020-02-05,589.4510498046875,521.4108276367188
2020-02-06,587.1542358398438,523.8287353515625
2020-02-07,588.2907104492188,518.8477783203125
2020-02-10,587.3909301757812,516.4297485351562
2020-02-11,587.5330200195312,522.03955078125
2020-02-12,591.5111083984375,531.2760620117188
2020-02-13,587.9119262695312,523.2484741210938
2020-02-14,577.4692993164062,527.8909301757812
2020-02-17,576.4274291992188,523.8287353515625
2020-02-18,574.5805053710938,523.4419555664062
2020-02-19,581.1869506835938,526.923828125
2020-02-20,576.4037475585938,529.0515747070312
2020-02-24,573.017578125,512.46435546875
2020-02-25,568.447509765625,513.5283203125
2020-02-26,567.9501953125,506.5161437988281
2020-02-27,568.044921875,498.4400939941406
2020-02-28,557.720703125,480.9340515136719
2020-03-02,558.6441650390625,489.4936218261719
2020-03-03,559.68603515625,497.8597717285156
2020-03-04,544.0813598632812,491.6697998046875
2020-03-05,545.2653198242188,487.94610595703125
2020-03-06,537.4747924804688,470.3916931152344
2020-03-09,524.40380859375,442.7301025390625
2020-03-11,527.4821166992188,450.3708801269531
2020-03-12,483.6752624511719,411.6833801269531
2020-03-13,506.6442565917969,432.5262756347656
2020-03-16,473.35101318359375,389.67987060546875
2020-03-17,461.79547119140625,355.19964599609375
2020-03-18,415.2891540527344,343.3999328613281
2020-03-19,424.1215515136719,327.44134521484375
2020-03-20,418.10699462890625,334.35675048828125
2020-03-23,365.3966979980469,274.6812744140625
2020-03-24,363.5733947753906,286.7711181640625
2020-03-25,405.746337890625,306.501708984375
2020-03-26,426.74993896484375,319.4136962890625
2020-03-27,428.3365173339844,328.6986999511719
2020-03-30,393.8593444824219,303.1165771484375
2020-03-31,408.18536376953125,313.126953125
2020-04-01,392.9121398925781,300.9404296875
2020-04-03,385.4294738769531,277.2442932128906
2020-04-07,424.382080078125,315.39990234375
2020-04-08,420.97222900390625,308.4844970703125
2020-04-09,438.0923767089844,331.4551696777344
2020-04-13,424.0268249511719,319.800537109375
2020-04-15,408.84832763671875,316.6088562011719
2020-04-16,416.6388244628906,330.7781677246094
2020-04-17,431.1070251464844,363.227294921875
2020-04-20,447.4694519042969,349.4448547363281
2020-04-21,436.48223876953125,320.961181640625
2020-04-22,439.7736511230469,324.9266662597656
2020-04-23,452.2527160644531,341.36883544921875
2020-04-24,444.24908447265625,323.86273193359375
2020-04-27,440.2945861816406,336.4845275878906
2020-04-28,441.0997314453125,348.0424499511719
2020-04-29,462.74267578125,358.2946472167969
2020-04-30,474.44024658203125,367.6763610839844
2020-05-04,437.12152099609375,326.95770263671875
2020-05-05,431.651611328125,319.9940490722656
2020-05-06,448.20355224609375,330.19781494140625
2020-05-07,438.0687255859375,325.7004089355469
2020-05-08,439.98675537109375,326.6192626953125
2020-05-11,433.7117004394531,309.64508056640625
2020-05-12,426.9631042480469,310.6606750488281
2020-05-13,439.32373046875,326.95770263671875
2020-05-14,423.24542236328125,316.6571960449219
2020-05-15,420.6169738769531,312.1114196777344
2020-05-18,396.22723388671875,288.70550537109375
2020-05-19,393.3857116699219,290.4464111328125
2020-05-20,405.912109375,295.620849609375
2020-05-21,407.0724182128906,294.411865234375
2020-05-22,397.2691345214844,281.49993896484375
2020-05-26,403.686279296875,283.0958251953125
2020-05-27,427.9576416015625,308.38775634765625
2020-05-28,447.6589050292969,316.1252746582031
2020-05-29,450.68988037109375,321.0579528808594
2020-06-01,467.739013671875,328.11834716796875
2020-06-02,474.0614013671875,336.9681396484375
2020-06-03,484.1251525878906,345.140869140625
2020-06-04,474.3929138183594,336.43621826171875
2020-06-05,489.3819580078125,345.4794006347656
2020-06-08,481.11785888671875,347.99407958984375
2020-06-09,467.5732421875,337.1131896972656
2020-06-10,469.7280578613281,341.4172058105469
2020-06-11,458.7171325683594,330.0527648925781
2020-06-12,465.4184265136719,332.90594482421875
2020-06-15,449.83740234375,320.2358093261719
2020-06-16,469.0413818359375,331.6969909667969
2020-06-17,463.7608642578125,330.72979736328125
2020-06-18,483.035888671875,340.4499816894531
2020-06-19,489.3819580078125,351.86285400390625
2020-06-22,487.20343017578125,355.4897766113281
2020-06-23,493.62054443359375,363.8075866699219
2020-06-24,488.97943115234375,336.6780090332031
2020-06-25,487.20343017578125,339.4828186035156
2020-06-26,500.32177734375,337.64520263671875
2020-06-29,509.604248046875,331.8420715332031
2020-06-30,504.7735595703125,339.9180908203125
2020-07-01,513.6533813476562,352.1046142578125
2020-07-02,515.9265747070312,350.9440002441406
2020-07-03,508.6096496582031,349.1547546386719
2020-07-06,522.3673706054688,349.9768371582031
2020-07-07,523.3855590820312,363.7109069824219
2020-07-08,525.8482666015625,356.8438720703125
2020-07-09,532.7626342773438,358.1979064941406
2020-07-10,523.3618774414062,348.52606201171875
2020-07-13,511.59320068359375,341.9975280761719
2020-07-14,501.4584655761719,334.2116394042969
2020-07-15,498.7590026855469,334.45343017578125
2020-07-16,503.2108154296875,333.3411865234375
2020-07-17,520.2125244140625,342.1909484863281
2020-07-20,536.5987548828125,351.0890808105469
2020-07-21,539.203369140625,366.3706359863281
2020-07-22,533.4256591796875,368.59521484375
2020-07-23,535.3436889648438,379.37933349609375
2020-07-24,529.9920654296875,369.2721862792969
2020-07-27,511.2380065917969,346.73675537109375
2020-07-28,514.624267578125,340.5467529296875
2020-07-29,504.1816101074219,339.5312194824219
2020-07-30,497.5750427246094,333.63134765625
2020-07-31,489.12152099609375,335.420654296875
2020-08-03,474.5350036621094,331.9871520996094
2020-08-04,493.3127746582031,339.4828186035156
2020-08-05,486.6351623535156,340.64349365234375
2020-08-06,492.8628234863281,346.97857666015625
2020-08-07,494.3546142578125,346.204833984375
2020-08-10,497.5750427246094,351.62103271484375
2020-08-11,505.1524353027344,355.29632568359375
2020-08-12,503.75537109375,354.8127746582031
2020-08-13,501.55322265625,355.973388671875
2020-08-14,489.90289306640625,349.5415954589844
2020-08-17,489.0978698730469,348.3809814453125
2020-08-18,500.3454895019531,357.42413330078125
2020-08-19,505.1287841796875,362.16339111328125
2020-08-20,501.52947998046875,355.6832275390625
2020-08-21,514.1505737304688,358.9716491699219
2020-08-24,529.0213012695312,367.8697814941406
2020-08-25,530.2763061523438,373.67291259765625
2020-08-26,529.684326171875,376.5744934082031
2020-08-27,526.677001953125,379.3309631347656
2020-08-28,527.8136596679688,396.25677490234375
2020-08-31,528.4530029296875,381.6522216796875
2020-09-01,533.8755493164062,378.1219482421875
2020-09-02,537.1195678710938,379.5244140625
2020-09-03,535.5805053710938,370.1910400390625
2020-09-04,530.0869140625,360.3257141113281
2020-09-07,525.9193115234375,361.1478271484375
2020-09-08,526.8427734375,363.37237548828125
2020-09-09,519.2890625,355.53814697265625
2020-09-10,516.4713134765625,358.53643798828125
2020-09-11,510.8355407714844,358.3429870605469
2020-09-14,501.0321960449219,351.76611328125
2020-09-15,506.9756774902344,359.3584899902344
2020-09-16,517.9393310546875,362.4052429199219
2020-09-17,513.1797485351562,356.8922119140625
2020-09-18,500.7244567871094,357.42413330078125
2020-09-21,496.9356994628906,339.1926574707031
2020-09-22,490.35284423828125,342.7712707519531
2020-09-23,495.96484375,340.304931640625
2020-09-24,487.9848937988281,324.6849060058594
2020-09-25,494.42572021484375,337.2099609375
2020-09-28,499.2562561035156,351.0890808105469
2020-09-29,503.2108154296875,345.33428955078125
2020-09-30,510.811767578125,343.1097717285156
2020-10-01,524.238037109375,357.0856628417969
2020-10-05,527.7426147460938,360.8576965332031
2020-10-06,541.8318481445312,368.111572265625
2020-10-07,550.427490234375,370.0943298339844
2020-10-08,564.4220581054688,374.78515625
2020-10-09,584.1943359375,388.3258056640625
2020-10-12,574.7698974609375,390.7920837402344
2020-10-13,567.5712890625,383.2480773925781
2020-10-14,573.7515869140625,393.4518737792969
2020-10-15,553.7425537109375,378.1703186035156
2020-10-16,567.99755859375,383.1029968261719
2020-10-19,569.9866333007812,403.4139709472656
2020-10-20,579.6478271484375,400.9959716796875
2020-10-21,590.421875,406.5089416503906
2020-10-22,584.0758056640625,399.3517761230469
2020-10-23,585.2598266601562,403.2688903808594
2020-10-26,573.4674682617188,391.1790466308594
2020-10-27,583.9811401367188,396.4985656738281
2020-10-28,572.851806640625,383.05462646484375
2020-10-29,562.2434692382812,386.7782897949219
2020-10-30,560.514892578125,379.71783447265625
2020-11-02,575.5276489257812,403.7524719238281
2020-11-03,591.013916015625,429.2862243652344
2020-11-04,595.4893188476562,422.7093505859375
2020-11-05,601.0775756835938,424.11175537109375
2020-11-06,619.2871704101562,428.2706604003906
2020-11-09,634.8681640625,447.5177001953125
2020-11-10,660.0156860351562,467.9737548828125
2020-11-11,658.2633666992188,470.5850830078125
2020-11-12,649.620361328125,461.058349609375
2020-11-13,643.51123046875,469.6178894042969
2020-11-14,648.6732177734375,470.9236145019531
2020-11-17,667.0247802734375,470.4400329589844
2020-11-18,667.1431274414062,481.3208923339844
2020-11-19,650.8754272460938,463.0410461425781
2020-11-20,664.7515869140625,464.4434814453125
2020-11-23,660.4655151367188,452.8855895996094
2020-11-24,681.1140747070312,462.50909423828125
2020-11-25,664.3489379882812,457.1895751953125
2020-11-26,675.64404296875,459.7042541503906
2020-11-27,682.3690185546875,457.8182678222656
2020-12-01,678.79345703125,469.18267822265625
2020-12-02,666.3143920898438,464.68524169921875
2020-12-03,652.22509765625,466.039306640625
2020-12-04,656.2031860351562,485.5765075683594
2020-12-07,649.8809204101562,493.700927734375
2020-12-08,651.7989501953125,491.7181701660156
2020-12-09,666.4328002929688,494.7164611816406
2020-12-10,656.3216552734375,490.31573486328125
2020-12-11,654.8772583007812,498.5368347167969
2020-12-14,649.8336181640625,508.5472412109375
2020-12-15,658.9027709960938,501.0514831542969
2020-12-16,668.0902709960938,495.63531494140625
2020-12-17,682.8189086914062,493.65252685546875
2020-12-18,668.3981323242188,500.18109130859375
2020-12-21,650.0703735351562,478.2742614746094
2020-12-22,650.2833862304688,483.8839111328125
2020-12-23,651.4910278320312,487.0756530761719
2020-12-24,661.6494750976562,496.6991271972656
2020-12-28,669.1085205078125,503.03424072265625
2020-12-29,675.9044799804688,511.44879150390625
2020-12-30,678.4146118164062,511.4003601074219
2020-12-31,680.2141723632812,517.49365234375
2021-01-01,674.8863525390625,510.19140625
2021-01-04,670.600341796875,514.2535400390625
2021-01-05,675.667724609375,519.6215209960938
2021-01-06,672.755126953125,528.7614135742188
2021-01-07,670.71875,523.3451538085938
2021-01-08,678.0120239257812,524.2639770507812
2021-01-11,687.3889770507812,526.8270874023438
2021-01-12,701.383544921875,530.018798828125
2021-01-13,696.4818725585938,538.2398681640625
2021-01-14,695.5820922851562,535.1448974609375
2021-01-15,694.5875854492188,525.182861328125
2021-01-18,702.3781127929688,515.656005859375
2021-01-19,712.2050170898438,528.5196533203125
2021-01-20,706.593017578125,532.9203491210938
2021-01-21,698.4473266601562,534.5645141601562
2021-01-22,683.6476440429688,516.2847290039062
2021-01-25,692.7879638671875,520.395263671875
2021-01-27,667.5693359375,505.2104187011719
2021-01-28,649.5020141601562,510.9168701171875
2021-01-29,658.5238647460938,519.3796997070312
2021-02-01,699.3707885742188,583.98779296875
2021-02-02,739.0574951171875,597.09326171875
2021-02-03,745.8060913085938,601.9291381835938
2021-02-04,747.8424682617188,607.6838989257812
2021-02-05,756.6038818359375,593.998291015625
2021-02-08,760.226806640625,608.9412231445312
2021-02-09,763.3526000976562,612.5682373046875
2021-02-10,749.0975952148438,611.4075927734375
2021-02-11,744.645751953125,609.9569091796875
2021-02-12,749.1922607421875,626.3507080078125
2021-02-15,765.60205078125,651.8360595703125
2021-02-16,770.3616943359375,636.7479858398438
2021-02-17,751.3471069335938,635.7807006835938
2021-02-18,736.0975952148438,623.49755859375
2021-02-19,728.8989868164062,603.5733642578125
2021-02-22,733.1138916015625,589.8392944335938
2021-02-23,724.1868286132812,596.0776977539062
2021-02-24,760.795166015625,620.06396484375
2021-02-25,760.7714233398438,607.393798828125
2021-02-26,726.6732177734375,578.1364135742188
2021-03-01,738.276123046875,588.3885498046875
2021-03-02,742.680419921875,590.4679565429688
2021-03-03,751.5128173828125,611.3592529296875
2021-03-04,735.0320434570312,600.3816528320312
2021-03-05,724.58935546875,589.4525756835938
2021-03-08,719.61669921875,588.098388671875
2021-03-09,739.98095703125,604.5889892578125
2021-03-10,736.7841796875,605.072509765625
2021-03-12,734.984619140625,592.7409057617188
2021-03-15,723.9500122070312,583.6976318359375
2021-03-16,716.1358642578125,575.42822265625
2021-03-17,708.1795654296875,570.1570434570312
2021-03-18,706.119384765625,559.6146850585938
2021-03-19,709.1976928710938,567.400634765625
2021-03-22,695.7715454101562,554.6337280273438
2021-03-23,710.452880859375,567.1588134765625
2021-03-24,700.3416748046875,548.87890625
2021-03-25,693.024658203125,552.7960815429688
2021-03-26,706.2615356445312,559.56640625
2021-03-30,735.8134155273438,572.0431518554688
2021-03-31,707.3744506835938,562.9998779296875
2021-04-01,704.106689453125,574.8963623046875
2021-04-05,686.5128784179688,552.5059204101562
2021-04-06,682.0848999023438,547.3314819335938
2021-04-07,685.376220703125,558.6959228515625
2021-04-08,678.5565795898438,557.7770385742188
2021-04-09,673.323486328125,547.6216430664062
2021-04-12,647.4182739257812,520.8788452148438
2021-04-13,663.1886596679688,542.205322265625
2021-04-15,677.2779541015625,556.3263549804688
2021-04-16,676.5911865234375,548.346923828125
2021-04-19,668.8954467773438,541.3831787109375
2021-04-20,658.9500732421875,540.7544555664062
2021-04-22,673.6786499023438,560.1950073242188
2021-04-23,669.7241821289062,551.24853515625
2021-04-26,665.2962036132812,571.7045288085938
2021-04-27,681.3507690429688,579.103515625
2021-04-28,699.39453125,600.9619140625
2021-04-29,697.3580322265625,601.0587158203125
2021-04-30,668.84814453125,580.7962036132812
2021-05-03,669.8662109375,577.169189453125
2021-05-04,657.505615234375,572.1398315429688
2021-05-05,664.2542114257812,583.0206298828125
2021-05-06,663.4491577148438,588.2435302734375
2021-05-07,670.0083618164062,587.1795043945312
2021-05-10,672.4236450195312,593.127685546875
2021-05-11,664.7042236328125,589.8392944335938
2021-05-12,662.7861328125,575.23486328125
2021-05-14,656.7952270507812,577.7011108398438
2021-05-17,682.0848999023438,603.1381225585938
2021-05-18,699.3471069335938,612.4232177734375
2021-05-19,690.585693359375,604.927490234375
2021-05-20,678.5565795898438,598.3021850585938
2021-05-21,709.10302734375,621.36962890625
2021-05-24,715.0938720703125,626.1088256835938
2021-05-25,700.4126586914062,628.9620361328125
2021-05-26,699.5128784179688,631.0899047851562
2021-05-27,702.1649780273438,630.84814453125
2021-05-28,712.015625,621.949951171875
2021-05-31,717.8880615234375,641.0036010742188
2021-06-01,715.9227294921875,628.7686157226562
2021-06-02,712.2760620117188,627.0759887695312
2021-06-03,720.1139526367188,628.9137573242188
2021-06-04,710.8316650390625,621.6115112304688
2021-06-07,710.3106689453125,626.930908203125
2021-06-08,702.3544921875,621.3213500976562
2021-06-09,701.0520629882812,615.2279663085938
2021-06-10,701.4072875976562,619.3870239257812
2021-06-11,703.917236328125,614.8411865234375
2021-06-14,700.6494750976562,614.3092041015625
2021-06-15,705.7642822265625,624.1261596679688
2021-06-16,703.0884399414062,619.0967407226562
2021-06-17,694.3271484375,612.229736328125
2021-06-18,700.8152465820312,609.715087890625
2021-06-21,705.0301513671875,610.5371704101562
2021-06-22,702.7095947265625,610.1502075195312
2021-06-23,703.5147705078125,604.2020263671875
2021-06-24,713.3416748046875,613.2453002929688
2021-06-25,717.5328979492188,627.7046508789062
2021-06-28,714.336181640625,628.9620361328125
2021-06-29,714.4312744140625,619.0967407226562
2021-06-30,712.4573974609375,610.1986694335938
2021-07-01,707.1541137695312,610.1502075195312
2021-07-02,704.1337890625,619.2418212890625
2021-07-05,711.2921142578125,626.5924072265625
2021-07-06,729.9609375,628.9620361328125
2021-07-07,732.2439575195312,632.5406494140625
2021-07-08,723.1830444335938,620.8377075195312
2021-07-09,714.4075317382812,617.5975952148438
2021-07-12,707.2730102539062,625.044921875
2021-07-13,714.336181640625,643.13134765625
2021-07-14,713.052001953125,642.551025390625
2021-07-15,723.3019409179688,645.5492553710938
2021-07-16,724.0867309570312,638.6339721679688
2021-07-19,699.6627807617188,634.3782958984375
2021-07-20,686.416259765625,620.8377075195312
2021-07-22,689.0560913085938,634.4266967773438
2021-07-23,686.2260131835938,654.447509765625
2021-07-26,682.3258056640625,654.544189453125
2021-07-27,684.7991333007812,655.2212524414062
2021-07-28,674.12109375,662.5717163085938
2021-07-29,674.5728759765625,666.888427734375
2021-07-30,678.4730834960938,662.0383911132812
2021-08-02,676.6657104492188,660.9713134765625
2021-08-03,682.3970947265625,669.7015380859375
2021-08-04,696.9517211914062,693.2244873046875
2021-08-05,706.2503051757812,681.3902587890625
2021-08-06,709.9603881835938,676.7341918945312
2021-08-09,715.311279296875,681.7781982421875
2021-08-10,717.094970703125,679.88671875
2021-08-11,711.0543212890625,672.7570190429688
2021-08-12,714.1221923828125,680.3231811523438
2021-08-13,725.91796875,683.6697387695312
2021-08-16,728.0106811523438,681.584228515625
2021-08-17,720.4243774414062,680.177734375
2021-08-18,719.6395874023438,667.6643676757812
2021-08-20,720.4718627929688,660.2922973632812
2021-08-23,725.156982421875,662.2323608398438
2021-08-24,741.447509765625,673.6300659179688
2021-08-25,740.7579345703125,670.33203125
2021-08-26,739.521240234375,677.849609375
2021-08-27,736.5009155273438,678.7711791992188
2021-08-30,745.9185180664062,692.2545166015625
2021-08-31,752.1731567382812,697.4925537109375
2021-09-01,751.0792236328125,698.317138671875
2021-09-02,755.7880859375,703.4096069335938
2021-09-03,749.6286010742188,702.5851440429688
2021-09-06,744.7056884765625,699.5296020507812
2021-09-07,746.3941650390625,695.4070434570312
2021-09-08,749.7949829101562,699.3355712890625
2021-09-09,746.0849609375,698.6565551757812
2021-09-13,739.8779296875,686.19189453125
2021-09-14,736.5484619140625,686.2403564453125
2021-09-15,735.7161865234375,692.9334106445312
2021-09-16,741.970703125,705.3982543945312
2021-09-17,752.5298461914062,698.5596313476562
2021-09-20,741.9231567382812,688.7138671875
2021-09-21,738.1655883789062,690.50830078125
2021-09-22,729.4852294921875,682.26318359375
2021-09-23,746.7508544921875,695.5039672851562
2021-09-24,761.7572631835938,701.2755737304688
2021-09-27,772.95849609375,708.1142578125
2021-09-28,768.1784057617188,695.6495361328125
2021-09-29,758.0947875976562,688.2288818359375
2021-09-30,758.6179809570312,679.8381958007812
2021-10-01,752.7914428710938,671.593017578125
2021-10-04,754.2421264648438,679.2077026367188
2021-10-05,758.8558349609375,676.2005615234375
2021-10-06,768.1070556640625,668.8284912109375
2021-10-07,766.0142822265625,681.147705078125
2021-10-08,762.2804565429688,682.311767578125
2021-10-11,777.0965576171875,691.9149169921875
2021-10-12,775.098876953125,687.3558349609375
2021-10-13,779.7601318359375,688.6654052734375
2021-10-14,802.5907592773438,705.4951782226562
2021-10-18,794.4573364257812,723.1010131835938
2021-10-19,803.2091064453125,725.0411376953125
2021-10-20,796.1458740234375,723.4890747070312
2021-10-21,797.3112182617188,732.8497314453125
2021-10-22,799.427734375,736.5357666015625
2021-10-25,788.13134765625,816.4654541015625
2021-10-26,786.10986328125,804.5342407226562
2021-10-27,781.3772583007812,809.96630859375
2021-10-28,757.9759521484375,774.7545776367188
2021-10-29,752.86279296875,778.004150390625
2021-11-01,763.541015625,779.7987670898438
2021-11-02,764.2305908203125,776.9371948242188
2021-11-03,752.1969604492188,762.3869018554688
2021-11-04,758.1423950195312,758.6522827148438
2021-11-08,761.138916015625,756.7608032226562
2021-11-09,747.821044921875,762.9688110351562
2021-11-10,739.7352905273438,757.48828125
2021-11-11,736.4295043945312,748.3215942382812
2021-11-12,738.6650390625,753.317138671875
2021-11-15,740.6864624023438,750.1161499023438
2021-11-16,736.286865234375,741.1433715820312
2021-11-17,728.1058959960938,738.475830078125
2021-11-18,732.1964111328125,740.0279541015625
2021-11-22,720.75732421875,729.4547119140625
2021-11-23,720.8524780273438,729.3091430664062
2021-11-24,722.04150390625,737.4088745117188
2021-11-25,725.7990112304688,728.533203125
2021-11-26,708.65234375,700.548095703125
2021-11-29,714.0507202148438,696.862060546875
2021-11-30,710.3883666992188,692.9334106445312
2021-12-01,715.6679077148438,705.8832397460938
2021-12-02,725.7039794921875,700.7421264648438
2021-12-03,719.9011840820312,694.824951171875
2021-12-06,715.263671875,688.27734375
2021-12-07,725.6800537109375,712.6248779296875
2021-12-08,739.0455322265625,730.812744140625
2021-12-09,726.2271118164062,732.36474609375
2021-12-10,724.181884765625,735.2747802734375
2021-12-13,718.7595825195312,731.3947143554688
2021-12-14,714.6216430664062,735.9053344726562
2021-12-15,713.456298828125,729.6971435546875
2021-12-16,713.5038452148438,718.929931640625
2021-12-17,700.6378784179688,706.4652099609375
2021-12-20,678.0926513671875,688.6654052734375
2021-12-21,685.774169921875,698.7535400390625
2021-12-22,687.3912963867188,710.830322265625
2021-12-23,686.8681030273438,709.3753051757812
2021-12-24,684.3948364257812,705.3012084960938
2021-12-27,690.054931640625,713.934326171875
2021-12-28,694.811279296875,713.7403564453125
2021-12-29,691.5055541992188,713.6433715820312
2021-12-30,695.1442260742188,713.6433715820312
2021-12-31,703.658203125,717.9599609375
2022-01-03,722.8025512695312,741.77392578125
2022-01-04,727.0357666015625,749.6795654296875
2022-01-05,744.3013305664062,764.4238891601562
2022-01-06,732.3629150390625,761.5138549804688
2022-01-07,737.499755859375,769.4679565429688
2022-01-10,741.5902099609375,786.443359375
2022-01-11,744.8008422851562,786.3463134765625
2022-01-12,740.401123046875,799.0535888671875
2022-01-13,726.7740478515625,799.97509765625
2022-01-14,734.9313354492188,795.416015625
2022-01-17,723.6824951171875,794.7369995117188
2022-01-18,727.36865234375,798.4230346679688
2022-01-19,722.2317504882812,784.3577880859375
2022-01-20,717.7369384765625,785.9583129882812
2022-01-21,723.7301025390625,780.3806762695312
2022-01-24,707.1065063476562,774.5121459960938
2022-01-25,707.7723999023438,777.6162109375
2022-01-27,701.54150390625,770.8260498046875
2022-01-28,695.9765625,757.7308349609375
2022-01-31,706.6546020507812,765.1514282226562
2022-02-01,712.029296875,786.0067749023438
2022-02-02,728.296142578125,789.3533935546875
2022-02-03,720.75732421875,784.697265625
2022-02-04,724.87158203125,780.9142456054688
2022-02-07,698.3072509765625,762.8234252929688
2022-02-08,695.3106689453125,768.7405395507812
2022-02-09,712.314697265625,778.731689453125
2022-02-10,725.3946533203125,781.3507080078125
2022-02-11,722.4220581054688,767.0913696289062
2022-02-14,700.947021484375,731.103759765625
2022-02-15,721.922607421875,752.7836303710938
2022-02-16,720.9475708007812,741.1433715820312
2022-02-17,716.5479125976562,727.8541259765625
2022-02-18,719.330322265625,726.4476928710938
2022-02-21,723.9677734375,731.8312377929688
2022-02-22,718.5455932617188,728.7756958007812
2022-02-23,713.8843383789062,722.2765502929688
2022-02-24,675.119873046875,686.19189453125
2022-02-25,692.5757446289062,708.1627197265625
2022-02-28,678.3780517578125,720.4335327148438
2022-03-02,653.6448974609375,693.41845703125
2022-03-03,652.0989990234375,677.3646240234375
2022-03-04,649.9586181640625,667.4219360351562
2022-03-07,630.1245727539062,634.1502075195312
2022-03-08,631.5514526367188,645.06298828125
2022-03-09,652.1702880859375,647.4395141601562
2022-03-10,662.42041015625,656.3151245117188
2022-03-11,664.3704223632812,657.5762329101562
2022-03-14,686.130859375,675.279052734375
2022-03-15,677.307861328125,676.443115234375
2022-03-16,688.7944946289062,686.7738647460938
2022-03-17,703.96728515625,698.5110473632812
2022-03-21,707.03515625,689.44140625
2022-03-22,710.6737670898438,696.6680297851562
2022-03-23,703.5867919921875,696.7650756835938
2022-03-24,686.178466796875,683.0878295898438
2022-03-25,680.5897216796875,678.2861938476562
2022-03-28,681.493408203125,689.0533447265625
2022-03-29,690.5305786132812,693.85498046875
2022-03-30,702.4927978515625,708.9873046875
2022-03-31,699.3535766601562,708.4052734375
2022-04-01,716.31005859375,714.1768798828125
2022-04-04,788.0362548828125,724.216552734375
2022-04-05,764.9439697265625,719.5604248046875
2022-04-06,737.6424560546875,719.3665161132812
2022-04-07,721.4231567382812,726.1080932617188
2022-04-08,720.4243774414062,731.6857299804688
2022-04-11,711.6250610351562,736.8267822265625
2022-04-12,710.3646850585938,740.949462890625
2022-04-13,696.7850952148438,739.3973999023438
2022-04-18,663.7283325195312,735.0807495117188
2022-04-19,638.400634765625,743.325927734375
2022-04-20,644.1558837890625,732.898193359375
2022-04-21,653.6924438476562,739.494384765625
2022-04-22,644.774169921875,725.235107421875
2022-04-25,649.6019287109375,729.648681640625
2022-04-26,652.5985107421875,731.1522216796875
2022-04-27,652.8363037109375,714.6134033203125
2022-04-28,652.2655029296875,724.7501220703125
2022-04-29,658.5677490234375,721.0155029296875
2022-05-02,667.65234375,718.7844848632812
2022-05-04,644.9644775390625,702.5366821289062
2022-05-05,643.5137939453125,706.9501953125
2022-05-06,626.699951171875,697.6865844726562
2022-05-09,627.7701416015625,689.0533447265625
2022-05-10,637.8536987304688,689.974853515625
2022-05-11,641.44482421875,692.7880249023438
2022-05-12,626.985595703125,674.9395141601562
2022-05-13,621.35595703125,657.0426635742188
2022-05-16,627.9719848632812,662.5233154296875
2022-05-17,632.2544555664062,688.7138671875
2022-05-18,632.2063598632812,686.143310546875
2022-05-19,619.2869262695312,669.6044921875
2022-05-20,635.5985107421875,688.27734375
2022-05-23,627.4427490234375,689.7323608398438
2022-05-24,634.63623046875,686.9193115234375
2022-05-25,639.375732421875,691.9634399414062
2022-05-26,657.6119384765625,706.6591796875
2022-05-27,669.8095703125,717.6204223632812
2022-05-30,674.3806762695312,726.0596313476562
2022-05-31,668.3179321289062,730.2791748046875
2022-06-01,671.1569213867188,730.085205078125
2022-06-02,666.4654541015625,727.272216796875
2022-06-03,664.1558837890625,721.9855346679688
2022-06-06,663.2655639648438,724.362060546875
2022-06-07,655.63916015625,713.2068481445312
2022-06-08,657.9487915039062,707.6292724609375
2022-06-09,662.90478515625,710.7818603515625
2022-06-10,650.1057739257812,698.4140014648438
2022-06-13,638.3170776367188,667.3734130859375
2022-06-14,631.2921142578125,664.9483642578125
2022-06-15,629.1027221679688,666.6459350585938
2022-06-16,616.520263671875,658.158203125
2022-06-17,620.5860595703125,666.2578735351562
2022-06-20,636.1759643554688,665.3849487304688
2022-06-21,643.104736328125,675.2305297851562
2022-06-22,640.0734252929688,666.015380859375
2022-06-23,642.43115234375,678.189208984375
2022-06-24,651.4049682617188,692.0603637695312
2022-06-27,652.5838012695312,695.843505859375
2022-06-28,647.6036987304688,689.0048828125
2022-06-29,646.6654052734375,681.6812744140625
2022-06-30,648.6141967773438,685.9977416992188
2022-07-01,651.380859375,682.7968139648438
2022-07-04,652.295166015625,698.5110473632812
2022-07-05,650.8274536132812,697.8805541992188
2022-07-06,659.80126953125,704.1856689453125
2022-07-07,671.614013671875,719.7545166015625
2022-07-08,672.2394409179688,733.0438232421875
2022-07-11,676.5940551757812,746.4300537109375
2022-07-12,669.6892700195312,737.1178588867188
2022-07-13,653.3535766601562,730.6187133789062
2022-07-14,650.0817260742188,729.8427124023438
2022-07-15,655.37451171875,728.6786499023438
2022-07-18,648.3976440429688,748.8551025390625
2022-07-19,648.6382446289062,757.2457885742188
2022-07-20,656.8179931640625,759.622314453125
2022-07-21,654.7490234375,762.4353637695312
2022-07-22,670.026123046875,776.0641479492188
2022-07-25,671.998779296875,776.8886108398438
2022-07-26,670.6275634765625,772.426513671875
2022-07-27,675.7520141601562,776.5006713867188
2022-07-28,681.7425537109375,790.1779174804688
2022-07-29,690.0907592773438,794.0579833984375
2022-08-01,695.8406982421875,798.7140502929688
2022-08-02,688.190185546875,793.2334594726562
2022-08-03,689.8020629882812,800.0721435546875
2022-08-04,688.984130859375,795.6585693359375
2022-08-05,686.6504516601562,813.0704345703125
2022-08-08,703.4912719726562,816.7297973632812
2022-08-10,705.5363159179688,828.2447509765625
2022-08-11,714.8709106445312,838.93017578125
2022-08-12,714.6063232421875,853.2750244140625
2022-08-16,722.7861328125,858.0078735351562
2022-08-17,726.5151977539062,861.9111938476562
2022-08-18,727.3812255859375,863.7164916992188
2022-08-19,718.4075317382812,849.3717041015625
2022-08-22,707.4849853515625,831.6600952148438
2022-08-23,705.2957763671875,843.0287475585938
2022-08-24,708.6879272460938,852.2015991210938
2022-08-25,704.838623046875,851.2745361328125
2022-08-26,704.9588623046875,849.8107299804688
2022-08-29,692.5928955078125,835.1731567382812
2022-08-30,715.0633544921875,865.8633422851562
2022-09-01,708.3511352539062,853.2261352539062
2022-09-02,714.7747192382812,851.3233642578125
2022-09-05,719.3699340820312,861.1305541992188
2022-09-06,716.6272583007812,862.301513671875
2022-09-07,713.2350463867188,855.0315551757812
2022-09-08,720.5968017578125,877.0855102539062
2022-09-09,721.0779418945312,879.476318359375
2022-09-12,718.6480712890625,885.2825927734375
2022-09-13,728.0549926757812,888.0149536132812
2022-09-14,735.5371704101562,895.9192504882812
2022-09-15,731.7117919921875,895.4312744140625
2022-09-16,718.26318359375,887.1366577148438
2022-09-19,723.002685546875,877.475830078125
2022-09-20,731.7117919921875,894.6018676757812
2022-09-21,730.5810546875,893.1380615234375
2022-09-22,715.0152587890625,881.574462890625
2022-09-23,695.8406982421875,860.9353637695312
2022-09-26,686.4580078125,840.2474975585938
2022-09-27,680.299072265625,831.952880859375
2022-09-28,668.6065673828125,828.9765625
2022-09-29,665.1422119140625,823.5118408203125
2022-09-30,683.9078369140625,841.174560546875
2022-10-03,679.9862670898438,827.8543701171875
2022-10-04,699.1367797851562,846.6880493164062
2022-10-06,691.4381103515625,864.05810546875
2022-10-07,688.454833984375,861.2280883789062
2022-10-10,680.8523559570312,860.4474487304688
2022-10-11,673.9476318359375,849.5667724609375
2022-10-12,678.350341796875,847.3711547851562
2022-10-13,670.5553588867188,832.9774780273438
2022-10-14,692.4003295898438,849.225341796875
2022-10-17,696.0332641601562,863.8140869140625
2022-10-18,694.7340087890625,875.2315063476562
2022-10-19,701.8554077148438,870.54736328125
2022-10-20,697.1158447265625,867.1807861328125
2022-10-21,692.2078857421875,885.2338256835938
2022-10-24,703.0101928710938,903.9210815429688
2022-10-25,698.1262817382812,902.7013549804688
2022-10-27,699.8103637695312,902.0670776367188
2022-10-28,701.8793334960938,885.9168090820312
2022-10-31,720.1637573242188,886.746337890625
2022-11-01,728.1271362304688,886.6487426757812
2022-11-02,728.5841674804688,882.843017578125
2022-11-03,725.3844604492188,886.6975708007812
2022-11-04,720.3803100585938,883.4284057617188
2022-11-07,725.9859619140625,895.333740234375
2022-11-09,725.7694091796875,888.5028686523438
2022-11-10,733.6605224609375,888.697998046875
2022-11-11,775.2333984375,884.6482543945312
2022-11-14,777.1100463867188,873.3285522460938
2022-11-15,779.0106201171875,889.673828125
2022-11-16,785.6988525390625,891.5279541015625
2022-11-17,778.6016235351562,897.5781860351562
2022-11-18,776.5567016601562,898.1148681640625
2022-11-21,768.5933227539062,899.1395263671875
2022-11-22,767.4625244140625,901.3839721679688
2022-11-23,769.4594116210938,905.0433959960938
2022-11-24,781.9697875976562,916.16796875
2022-11-25,778.361083984375,907.824462890625
2022-11-28,769.9887084960938,914.7529907226562
2022-11-29,768.8338623046875,923.8770751953125
2022-11-30,773.9342651367188,929.8785400390625
2022-12-01,779.2511596679688,917.4853515625
2022-12-02,773.2847290039062,908.1171875
2022-12-05,776.0995483398438,911.0447387695312
2022-12-06,775.2333984375,900.359375
2022-12-07,774.8966064453125,899.8714599609375
2022-12-08,779.2511596679688,909.3858642578125
2022-12-09,784.8087158203125,907.4341430664062
2022-12-12,790.9194946289062,907.824462890625
2022-12-13,793.1087646484375,910.4105224609375
2022-12-14,799.8211059570312,899.4810791015625
2022-12-15,785.1695556640625,886.8439331054688
2022-12-16,788.9467163085938,880.208251953125
2022-12-19,791.4006958007812,884.5507202148438
2022-12-20,785.9395141601562,887.7222290039062
2022-12-21,778.3369140625,870.6937866210938
2022-12-22,775.66650390625,869.1324462890625
2022-12-23,768.7376708984375,857.6663208007812
2022-12-26,784.038818359375,871.620849609375
2022-12-27,784.832763671875,878.8908081054688
2022-12-28,784.207275390625,877.2318725585938
2022-12-29,789.74072265625,886.112060546875
2022-12-30,783.413330078125,869.3275146484375
2023-01-02,783.6778564453125,880.6473999023438
2023-01-03,788.8023681640625,879.5739135742188
2023-01-04,774.7041625976562,877.3782958984375
2023-01-05,769.7240600585938,857.9102783203125
2023-01-06,767.1738891601562,849.078857421875
2023-01-09,768.6654663085938,852.2503662109375
2023-01-10,754.6154174804688,840.540283203125
2023-01-11,765.4898071289062,845.3706665039062
2023-01-12,769.5797729492188,839.8572387695312
2023-01-13,770.1812133789062,852.3479614257812
2023-01-16,762.7952270507812,844.3461303710938
2023-01-17,774.1508178710938,844.24853515625
2023-01-18,787.81591796875,848.493408203125
2023-01-19,791.087890625,845.224365234375
2023-01-20,799.1954956054688,849.3228149414062
2023-01-23,805.041748046875,850.6402587890625
2023-01-24,815.8198852539062,849.7131958007812
2023-01-25,793.2772216796875,834.6364135742188
2023-01-27,777.4708862304688,797.4569091796875
2023-01-30,776.6769409179688,803.604736328125
2023-01-31,771.5524291992188,811.8017578125
2023-02-01,783.1245727539062,827.4640502929688
2023-02-02,771.4802856445312,837.1736450195312
2023-02-03,798.1610107421875,842.9310302734375
2023-02-06,794.7688598632812,833.0751342773438
2023-02-07,795.9476928710938,832.1480712890625
2023-02-08,795.8514404296875,838.3446044921875
2023-02-09,794.19140625,840.0035400390625
2023-02-10,797.3430786132812,833.221435546875
2023-02-13,797.9445190429688,830.0987548828125
2023-02-14,805.3304443359375,844.3948974609375
2023-02-15,803.6945190429688,849.761962890625
2023-02-16,800.7833862304688,848.4446411132812
2023-02-17,796.7656860351562,841.8088989257812
2023-02-20,789.2835083007812,831.5137329101562
2023-02-21,792.2427368164062,833.5631103515625
2023-02-22,776.700927734375,818.9741821289062
2023-02-23,771.4321899414062,819.462158203125
2023-02-24,764.551513671875,819.413330078125
2023-02-27,766.4521484375,835.7098999023438
2023-02-28,769.6759643554688,834.1973266601562
2023-03-01,768.93017578125,835.6123046875
2023-03-02,762.38623046875,833.3678588867188
2023-03-03,777.5189819335938,847.5663452148438
2023-03-06,783.0043334960938,846.7857055664062
2023-03-08,784.568115234375,851.030517578125
2023-03-09,784.6402587890625,835.270751953125
2023-03-10,764.4071655273438,822.2921142578125
2023-03-13,754.7357177734375,808.3864135742188
2023-03-14,752.7147827148438,810.2891845703125
2023-03-15,741.91259765625,805.94677734375
2023-03-16,746.7241821289062,803.9951171875
2023-03-17,756.7084350585938,816.0466918945312
2023-03-20,751.4637451171875,816.2418823242188
2023-03-21,759.9803466796875,831.8065185546875
2023-03-22,758.2241821289062,839.4180908203125
2023-03-23,752.1373901367188,834.7828369140625
2023-03-24,750.9345092773438,831.8065185546875
2023-03-27,754.2063598632812,828.1959228515625
2023-03-28,760.3412475585938,834.0997314453125
2023-03-29,763.9981689453125,830.4403686523438
2023-03-31,774.4635620117188,856.05615234375
2023-04-03,774.9447021484375,862.4479370117188
2023-04-05,795.7311401367188,863.2285766601562
2023-04-06,801.7938842773438,853.8605346679688
2023-04-10,797.9926147460938,847.46875
2023-04-11,800.3263549804688,860.5938110351562
2023-04-12,810.7195434570312,868.64453125
2023-04-13,814.3523559570312,877.2806396484375
2023-04-17,801.938232421875,879.5250854492188
2023-04-18,798.5460205078125,875.1826171875
2023-04-19,801.4810791015625,870.352294921875
2023-04-20,804.46435546875,872.7918701171875
2023-04-21,805.7635498046875,864.2532348632812
2023-04-24,812.2832641601562,882.8917846679688
2023-04-25,800.7352905273438,891.381591796875
2023-04-26,804.416259765625,892.8453979492188
2023-04-27,808.843017578125,896.1632080078125
2023-04-28,812.0186157226562,895.4801635742188
2023-05-02,811.850341796875,899.8225708007812
2023-05-03,814.689208984375,900.5545043945312
2023-05-04,831.3616943359375,899.4323120117188
2023-05-05,782.2103881835938,904.555419921875
2023-05-08,791.2562866210938,915.2409057617188
2023-05-09,791.2803955078125,911.8255004882812
2023-05-10,794.937255859375,913.435546875
2023-05-11,795.466552734375,916.5094604492188
2023-05-12,802.4916381835938,921.095947265625
2023-05-15,806.3409423828125,922.9012451171875
2023-05-16,801.7174682617188,923.4867553710938
2023-05-17,797.4102172851562,916.6558837890625
2023-05-18,800.5980224609375,923.6331176757812
2023-05-19,801.5227661132812,931.24462890625
2023-05-22,798.6755981445312,927.3900756835938
2023-05-23,796.8018798828125,930.366455078125
2023-05-24,786.3868408203125,917.9244995117188
2023-05-25,783.3693237304688,917.1437377929688
2023-05-26,786.3868408203125,927.731689453125
2023-05-29,795.9744873046875,925.2433471679688
2023-05-30,796.5828857421875,926.9998168945312
2023-05-31,783.9777221679688,926.2191162109375
2023-06-01,780.6439208984375,913.484375
2023-06-02,781.8606567382812,915.48486328125
2023-06-05,780.838623046875,923.8770751953125
2023-06-06,778.4052124023438,919.33935546875
2023-06-07,782.4446411132812,917.4853515625
2023-06-08,782.9312744140625,915.2409057617188
2023-06-09,783.8560791015625,915.3872680664062
2023-06-12,779.0865478515625,913.3380737304688
2023-06-13,780.4005126953125,920.75439453125
2023-06-14,779.548828125,917.0950317382812
2023-06-15,769.961181640625,904.2138671875
2023-06-16,780.0355224609375,911.6303100585938
2023-06-19,780.7169799804688,900.8472900390625
2023-06-20,782.3473510742188,903.1892700195312
2023-06-21,796.023193359375,902.3597412109375
2023-06-22,799.9166870117188,903.3844604492188
2023-06-23,799.8680419921875,901.1887817382812
2023-06-26,795.9988403320312,905.0433959960938
2023-06-27,807.2169799804688,913.484375
2023-06-28,815.7583618164062,914.8017578125
2023-06-30,828.047119140625,912.0206298828125
2023-07-03,837.002197265625,919.7785034179688
2023-07-04,841.0902709960938,921.8765869140625
2023-07-05,814.3712158203125,934.8552856445312
2023-07-06,815.1986694335938,936.2214965820312
2023-07-07,808.093017578125,923.5355224609375
2023-07-10,806.1705932617188,925.4872436523438
2023-07-11,802.2527465820312,922.12060546875
2023-07-12,794.7334594726562,921.5838623046875
2023-07-13,798.699951171875,932.61083984375
2023-07-14,800.354736328125,936.8557739257812
2023-07-17,817.0966796875,945.2968139648438
2023-07-18,816.4153442382812,951.8837280273438
2023-07-19,820.1141357421875,949.9320678710938
2023-07-20,821.8905639648438,971.5469360351562
2023-07-21,815.5636596679688,972.9130859375
2023-07-24,816.8533325195312,968.0338134765625
2023-07-25,825.7109985351562,970.6686401367188
2023-07-26,822.8395385742188,972.3764038085938
2023-07-27,814.2982177734375,966.3261108398438
2023-07-28,799.8680419921875,972.1324462890625
2023-07-31,803.615478515625,974.1817016601562
2023-08-01,808.993408203125,970.522216796875
2023-08-02,798.407958984375,963.1058959960938
2023-08-03,792.6407470703125,941.6861572265625
2023-08-04,804.1021728515625,947.0532836914062
2023-08-07,803.6398315429688,952.078857421875
2023-08-08,802.9828491210938,956.2261962890625
2023-08-09,803.2747802734375,957.0133056640625
2023-08-10,796.1448364257812,948.552001953125
2023-08-11,787.846923828125,937.4833984375
2023-08-14,784.0021362304688,944.0753173828125
2023-08-16,781.714599609375,941.0745849609375
2023-08-17,777.3831787109375,936.3027954101562
2023-08-18,774.1953125,935.3189086914062
2023-08-21,773.5869750976562,939.7955322265625
2023-08-22,770.2774658203125,936.6471557617188
2023-08-23,772.1755981445312,951.2576293945312
2023-08-24,768.622802734375,953.3237915039062
2023-08-25,759.9597778320312,954.7504272460938
2023-08-28,767.868408203125,954.89794921875
2023-08-29,773.976318359375,952.1431274414062
2023-08-30,768.3307495117188,943.4359130859375
2023-08-31,764.80224609375,943.2882690429688
2023-09-01,766.384033203125,953.077880859375
2023-09-04,771.1779174804688,951.7495727539062
2023-09-05,766.4813842773438,952.7826538085938
2023-09-06,776.507080078125,942.0584716796875
2023-09-07,783.9777221679688,950.0770263671875
2023-09-08,790.0856323242188,954.89794921875
2023-09-11,794.173828125,962.4737548828125
2023-09-12,796.6558837890625,974.5262451171875
2023-09-13,800.062744140625,973.8374633789062
2023-09-14,799.5760498046875,971.7714233398438
2023-09-15,808.7500610351562,976.44482421875
2023-09-18,792.8353881835938,974.2310791015625
2023-09-20,761.0304565429688,971.2302856445312
2023-09-21,755.9933471679688,943.8294067382812
2023-09-22,744.4588623046875,934.9745483398438
2023-09-25,745.1158447265625,940.9269409179688
2023-09-26,748.352294921875,933.400390625
2023-09-27,743.0960693359375,927.890625
2023-09-28,741.5630493164062,927.3987426757812
2023-09-29,742.8284301757812,936.5487670898438
2023-10-03,733.9464111328125,925.1358032226562
2023-10-04,744.41015625,915.0510864257812
2023-10-05,747.4276123046875,925.6768798828125
2023-10-06,746.600341796875,929.9568481445312
2023-10-09,737.937255859375,923.4632568359375
2023-10-10,742.1227416992188,935.8600463867188
2023-10-11,749.3013305664062,937.7293701171875
2023-10-12,754.2898559570312,938.86083984375
2023-10-13,747.4276123046875,935.9583740234375
2023-10-16,744.4345092773438,936.0568237304688
2023-10-17,750.080078125,938.5164794921875
2023-10-18,739.640625,928.5302124023438
2023-10-19,737.3045654296875,920.6591796875
2023-10-20,741.1250610351562,917.7075805664062
2023-10-23,732.9730834960938,914.9527587890625
2023-10-25,728.3252563476562,901.3260498046875
2023-10-26,712.2159423828125,893.9962768554688
2023-10-27,715.0143432617188,898.0301513671875
2023-10-30,722.7769775390625,909.9841918945312
2023-10-31,718.591552734375,900.588134765625
2023-11-01,717.6181640625,899.30908203125
2023-11-02,718.7131958007812,905.114013671875
2023-11-03,722.1199951171875,918.7406616210938
2023-11-06,727.351806640625,930.2027587890625
2023-11-07,723.8233032226562,932.8099975585938
2023-11-08,725.9161376953125,920.6591796875
2023-11-09,723.044677734375,922.2333374023438
2023-11-10,725.8917846679688,923.4632568359375
2023-11-13,724.5776977539062,919.3801879882812
2023-11-15,732.1700439453125,925.9229125976562
2023-11-16,734.0924682617188,920.9051513671875
2023-11-17,732.5107421875,906.9833374023438
2023-11-20,732.5593872070312,906.58984375
2023-11-21,738.7645874023438,911.164794921875
2023-11-22,736.136474609375,907.8688354492188
2023-11-23,740.3950805664062,908.1148071289062
2023-11-24,745.6511840820312,914.41162109375
2023-11-28,743.9722290039062,910.5745239257812
2023-11-29,758.8160400390625,924.4470825195312
2023-11-30,758.6456909179688,919.8721313476562
2023-12-01,756.9910278320312,931.4326171875
2023-12-04,783.2720336914062,975.2149658203125
2023-12-05,790.2316284179688,997.106201171875
2023-12-06,792.22705078125,987.0706176757812
2023-12-07,793.5167236328125,982.88916015625
2023-12-08,804.5888671875,994.5480346679688
2023-12-11,803.5181274414062,1000.697265625
2023-12-12,795.5364379882812,999.31982421875
2023-12-13,793.7357788085938,997.5488891601562
2023-12-14,803.1044921875,1016.9803466796875
2023-12-15,806.2192993164062,1020.669921875
2023-12-18,805.8056030273438,1004.9771118164062
2023-12-19,804.44287109375,999.0739135742188
2023-12-20,806.4382934570312,990.4158325195312
2023-12-21,820.8927612304688,988.2020874023438
2023-12-22,813.1788940429688,978.2649536132812
2023-12-26,818.824462890625,979.0520629882812
2023-12-27,828.9718627929688,986.0867919921875
2023-12-28,829.9208374023438,989.6779174804688
2023-12-29,831.8676147460938,980.52783203125
2024-01-01,826.4409790039062,983.28271484375
2024-01-02,826.9276733398438,966.4093017578125
2024-01-03,814.176513671875,968.1802368164062
2024-01-04,822.91259765625,971.2302856445312
2024-01-05,818.7027587890625,977.6746215820312
2024-01-08,809.5773315429688,966.163330078125
2024-01-09,803.2747802734375,963.9495849609375
2024-01-10,805.92724609375,977.0350952148438
2024-01-11,802.5447998046875,975.165771484375
2024-01-12,798.7485961914062,987.3165893554688
2024-01-15,814.1278686523438,993.5641479492188
2024-01-16,817.2183837890625,992.777099609375
2024-01-17,748.279296875,965.9173583984375
2024-01-18,723.2880249023438,970.443115234375
2024-01-19,715.744384765625,983.0859375
2024-01-23,694.6708984375,1012.45458984375
2024-01-24,708.5657348632812,983.0859375
2024-01-25,698.3453979492188,993.66259765625
2024-01-29,707.9573974609375,1000.008544921875
2024-01-30,702.920166015625,1000.5005493164062
2024-01-31,711.8021850585938,1011.569091796875
2024-02-01,713.651611328125,1008.6174926757812
2024-02-02,703.8206176757812,1007.4859619140625
2024-02-05,703.1879272460938,1006.9940795898438
2024-02-06,702.8228149414062,1009.8472900390625
2024-02-07,695.9362182617188,1005.6658325195312
2024-02-08,682.844482421875,973.3455810546875
2024-02-09,683.112060546875,994.4005126953125
2024-02-12,676.4931640625,980.035888671875
2024-02-13,678.658935546875,1003.3536987304688
2024-02-14,673.597412109375,1006.2069702148438
2024-02-15,688.197998046875,1000.2545166015625
2024-02-16,691.0451049804688,1006.7481079101562
2024-02-19,689.6823120117188,1026.91748046875
2024-02-20,707.787109375,1031.8367919921875
2024-02-21,700.413818359375,1034.985107421875
2024-02-22,690.8748168945312,1045.5618896484375
2024-02-23,691.3857421875,1044.1845703125
2024-02-26,692.213134765625,1037.1988525390625
2024-02-27,691.1668090820312,1043.1021728515625
2024-02-28,685.9348754882812,1029.327880859375
2024-02-29,683.0147705078125,1035.231201171875
2024-03-01,696.3256225585938,1069.37158203125
2024-03-04,697.274658203125,1074.733642578125
2024-03-05,701.2411499023438,1070.503173828125
2024-03-06,702.0928344726562,1079.4071044921875
2024-03-07,703.7962646484375,1070.4046630859375
2024-03-11,694.889892578125,1061.3037109375
2024-03-12,710.3421630859375,1059.483642578125
2024-03-13,710.755859375,1066.4691162109375
2024-03-14,708.3467407226562,1066.124755859375
2024-03-15,706.9840698242188,1062.92724609375
2024-03-18,703.7719116210938,1063.7635498046875
2024-03-19,705.3779296875,1066.4691162109375
2024-03-20,696.4716186523438,1067.0103759765625
2024-03-21,703.6259155273438,1064.3538818359375
2024-03-22,702.2144775390625,1072.716796875
2024-03-26,693.7218017578125,1066.22314453125
2024-03-27,701.1681518554688,1066.2724609375
2024-03-28,704.6723022460938,1075.66845703125
2024-04-01,715.67138671875,1081.916015625
2024-04-02,720.367919921875,1063.7635498046875
2024-04-03,721.414306640625,1059.827880859375
2024-04-04,743.461181640625,1061.451416015625
2024-04-05,754.1439208984375,1065.9281005859375
2024-04-08,752.7081909179688,1069.6175537109375
2024-04-09,753.6572265625,1089.1966552734375
2024-04-10,747.7196044921875,1091.5087890625
2024-04-12,739.2512817382812,1086.58935546875
2024-04-15,727.4490966796875,1060.95947265625
2024-04-16,734.530517578125,1049.841796875
2024-04-18,727.4490966796875,1038.4288330078125
2024-04-19,745.2619018554688,1050.03857421875
2024-04-22,735.9661254882812,1069.125732421875
2024-04-23,733.7274169921875,1072.6676025390625
2024-04-24,735.7227783203125,1079.062744140625
2024-04-25,735.260498046875,1095.78857421875
2024-04-26,734.7981567382812,1090.032958984375
2024-04-29,744.3858642578125,1141.4403076171875
2024-04-30,739.8109130859375,1131.8475341796875
2024-05-02,745.7241821289062,1121.0740966796875
2024-05-03,739.5675659179688,1123.63232421875
2024-05-06,741.0520629882812,1127.813720703125
2024-05-07,733.021728515625,1113.6458740234375
2024-05-08,721.5845947265625,1104.8895263671875
2024-05-09,704.4776000976562,1097.7071533203125
2024-05-10,709.361572265625,1099.035400390625
2024-05-13,717.9208984375,1109.808837890625
2024-05-14,720.7328491210938,1102.47900390625
2024-05-15,709.6575927734375,1106.2176513671875
2024-05-16,720.3875122070312,1112.8096923828125
2024-05-17,722.286865234375,1112.2684326171875
2024-05-21,719.6721801757812,1102.8724365234375
2024-05-22,719.8695068359375,1093.1812744140625
2024-05-23,736.3468017578125,1116.2039794921875
2024-05-24,748.4827880859375,1113.695068359375
2024-05-27,753.6627807617188,1111.579833984375
2024-05-28,755.0440673828125,1108.775634765625
2024-05-29,744.0921630859375,1084.2281494140625
2024-05-30,747.3234252929688,1095.7393798828125
2024-05-31,755.5620727539062,1102.970947265625
2024-06-03,775.615966796875,1141.292724609375
2024-06-04,731.6848754882812,1054.170654296875
2024-06-05,765.5520629882812,1090.7708740234375
2024-06-06,769.4493408203125,1092.49267578125
2024-06-07,776.1832885742188,1103.6103515625
2024-06-10,770.23876953125,1105.676513671875
2024-06-11,771.9653930664062,1100.1668701171875
2024-06-12,776.5780029296875,1101.4951171875
2024-06-13,779.8340454101562,1089.49169921875
2024-06-14,787.8013305664062,1087.8192138671875
2024-06-18,793.1785888671875,1104.7418212890625
2024-06-19,817.869873046875,1125.993408203125
2024-06-20,823.5431518554688,1138.144287109375
2024-06-21,821.7672119140625,1139.9644775390625
2024-06-24,825.0478515625,1151.229736328125
2024-06-25,844.2631225585938,1178.630615234375
2024-06-26,839.40380859375,1198.357421875
2024-06-27,836.7644653320312,1200.2266845703125
2024-06-28,830.671875,1180.254150390625
2024-07-01,841.2290649414062,1192.3065185546875
2024-07-02,853.7597045898438,1171.399169921875
2024-07-03,872.531005859375,1182.2218017578125
2024-07-04,852.0578002929688,1213.115478515625
2024-07-05,813.0598754882812,1213.509033203125
2024-07-08,806.7698974609375,1215.1324462890625
2024-07-09,807.3372192382812,1228.1195068359375
2024-07-10,802.20654296875,1223.15087890625
2024-07-11,800.1346435546875,1218.4775390625
2024-07-12,800.5292358398438,1213.01708984375
2024-07-15,800.2332763671875,1210.1146240234375
2024-07-16,799.0739135742188,1219.9041748046875
2024-07-18,796.6320190429688,1230.1365966796875
2024-07-19,792.9319458007812,1228.5130615234375
2024-07-22,810.3218994140625,1221.1341552734375
2024-07-23,798.407958984375,1206.96630859375
2024-07-24,791.3286743164062,1203.2767333984375
2024-07-25,797.5198974609375,1178.58154296875
2024-07-26,798.2846069335938,1187.7314453125
2024-07-29,791.822021484375,1193.142822265625
2024-07-30,797.0020141601562,1189.9451904296875
2024-07-31,797.1006469726562,1195.307373046875
2024-08-01,808.471923828125,1190.584716796875
2024-08-02,818.51123046875,1177.2532958984375
2024-08-05,797.1006469726562,1153.689453125
2024-08-06,789.922607421875,1148.0322265625
2024-08-07,800.9239501953125,1153.5418701171875
2024-08-08,810.3958740234375,1145.8184814453125
2024-08-09,814.0958862304688,1152.70556640625
2024-08-12,818.9797973632812,1163.8199462890625
2024-08-13,790.9093017578125,1159.4039306640625
2024-08-14,793.1785888671875,1152.7552490234375
2024-08-16,805.1665649414062,1178.1591796875
2024-08-19,804.895263671875,1166.8961181640625
2024-08-20,807.92919921875,1170.4189453125
2024-08-21,802.05859375,1165.8541259765625
2024-08-22,804.77197265625,1181.979736328125
2024-08-23,801.6885986328125,1194.2847900390625
2024-08-26,809.0392456054688,1204.009765625
2024-08-27,807.9539184570312,1216.9598388671875
2024-08-28,807.6332397460938,1214.47900390625
2024-08-29,808.3485717773438,1212.5439453125
2024-08-30,807.5346069335938,1219.7879638671875
2024-09-02,802.6258544921875,1220.5322265625
2024-09-03,807.7565307617188,1238.1463623046875
2024-09-04,809.9519653320312,1226.88330078125
2024-09-05,811.7525024414062,1226.486328125
2024-09-06,807.5592041015625,1198.899169921875
2024-09-09,812.2705688476562,1225.5435791015625
2024-09-10,814.169921875,1227.8260498046875
2024-09-11,810.9879150390625,1226.88330078125
2024-09-12,822.1865234375,1242.5623779296875
2024-09-13,821.8658447265625,1240.7760009765625
2024-09-16,824.3324584960938,1253.1802978515625
2024-09-17,823.2718505859375,1258.39013671875
2024-09-18,836.0985107421875,1278.485107421875
2024-09-19,842.8571166992188,1282.107177734375
2024-09-20,858.989013671875,1328.201416015625
2024-09-23,868.1650390625,1311.7781982421875
2024-09-24,872.2350463867188,1308.50341796875
2024-09-25,877.6863403320312,1313.7132568359375
2024-09-26,879.832275390625,1318.87353515625
2024-09-27,864.6377563476562,1296.5953369140625
2024-09-30,854.47509765625,1263.252685546875
2024-10-01,851.5890502929688,1264.6419677734375
2024-10-03,829.7838134765625,1246.7301025390625
2024-10-04,817.771240234375,1230.2572021484375
2024-10-07,798.1119384765625,1224.4520263671875
2024-10-08,814.5151977539062,1227.13134765625
2024-10-09,805.6846313476562,1234.62353515625
2024-10-10,820.114501953125,1233.978515625
2024-10-11,814.4906005859375,1213.635498046875
2024-10-14,832.7931518554688,1222.3184814453125
2024-10-15,830.81982421875,1245.8865966796875
2024-10-16,838.565185546875,1233.6312255859375
2024-10-17,825.4178466796875,1221.8223876953125
2024-10-18,829.7098388671875,1254.8177490234375
2024-10-21,852.8223876953125,1249.4095458984375
2024-10-22,845.841796875,1257.7947998046875
2024-10-23,856.3251342773438,1242.0164794921875
2024-10-24,863.15771484375,1243.15771484375
2024-10-25,860.0744018554688,1245.8370361328125
2024-10-28,855.5357055664062,1282.95068359375
2024-10-29,864.2430419921875,1321.6519775390625
2024-10-30,855.7330932617188,1302.1029052734375
2024-10-31,856.2756958007812,1282.355224609375
2024-11-01,857.0651245117188,1281.90869140625
2024-11-04,845.6197509765625,1267.42041015625
2024-11-05,867.2030029296875,1286.7711181640625
2024-11-06,865.92041015625,1292.3779296875
2024-11-07,861.62841796875,1268.908935546875
2024-11-08,865.5256958007812,1249.2109375
2024-11-11,871.3717041015625,1259.5810546875
2024-11-12,847.6423950195312,1260.8709716796875
2024-11-13,829.463134765625,1244.100341796875
2024-11-14,835.087158203125,1247.325439453125
2024-11-18,841.1797485351562,1243.852294921875
2024-11-19,859.507080078125,1239.53564453125
2024-11-21,858.989013671875,1240.974609375
2024-11-22,861.1597290039062,1268.2640380859375
2024-11-25,880.8929443359375,1290.9886474609375
2024-11-26,880.8683471679688,1294.9580078125
2024-11-27,894.06494140625,1290.740478515625
2024-11-28,884.6176147460938,1276.5003662109375
2024-11-29,886.04833984375,1290.1451416015625
2024-12-02,890.3156127929688,1294.6602783203125
2024-12-03,900.9715576171875,1298.381591796875
2024-12-04,917.6461791992188,1305.9730224609375
2024-12-05,920.4335327148438,1326.2664794921875
2024-12-06,915.5494995117188,1318.5758056640625
2024-12-09,922.5301513671875,1312.1751708984375
2024-12-10,921.5928344726562,1320.2626953125
2024-12-11,919.1261596679688,1317.3353271484375
2024-12-12,917.2268676757812,1319.0718994140625
2024-12-13,923.3934936523438,1334.6021728515625
2024-12-16,920.1621704101562,1335.7928466796875
2024-12-17,904.4002685546875,1323.5374755859375
2024-12-18,893.2755737304688,1304.087646484375
2024-12-19,884.790283203125,1277.0462646484375
2024-12-20,873.93701171875,1278.5347900390625
2024-12-23,888.4902954101562,1286.8704833984375
2024-12-24,887.0596313476562,1287.3170166015625
2024-12-26,883.4336547851562,1287.4161376953125
2024-12-27,887.1336669921875,1297.5382080078125
2024-12-30,877.0943603515625,1284.7369384765625
