Date,INFY.NS,TCS.NS
2018-01-01,415.2441711425781,1103.4735107421875
2018-01-02,413.6974182128906,1097.466796875
2018-01-03,410.3225402832031,1100.5745849609375
2018-01-04,407.9521789550781,1108.269775390625
2018-01-05,406.5861511230469,1121.6590576171875
2018-01-08,416.24859619140625,1132.1697998046875
2018-01-09,418.3780517578125,1129.9169921875
2018-01-10,422.7572021484375,1170.6258544921875
2018-01-11,432.2187805175781,1163.91064453125
2018-01-12,433.2834167480469,1158.0086669921875
2018-01-15,434.36822509765625,1145.3919677734375
2018-01-16,451.1216735839844,1189.0823974609375
2018-01-17,462.8734130859375,1204.9737548828125
2018-01-18,463.11444091796875,1217.1741943359375
2018-01-19,459.3982238769531,1234.316650390625
2018-01-22,462.02972412109375,1302.9249267578125
2018-01-23,472.91754150390625,1296.904296875
2018-01-24,476.4129638671875,1327.2576904296875
2018-01-25,472.2345275878906,1304.8690185546875
2018-01-29,475.247802734375,1337.3961181640625
2018-01-30,470.3262023925781,1318.164306640625
2018-01-31,462.1301574707031,1301.231689453125
2018-02-01,459.8602600097656,1312.2060546875
2018-02-02,459.31793212890625,1318.49853515625
2018-02-05,457.28887939453125,1297.4058837890625
2018-02-06,445.0551452636719,1253.1099853515625
2018-02-07,445.5775451660156,1235.466552734375
2018-02-08,455.7019348144531,1243.47265625
2018-02-09,445.6177062988281,1242.4276123046875
2018-02-12,443.0664978027344,1240.5882568359375
2018-02-14,441.03759765625,1217.3843994140625
2018-02-15,447.7469177246094,1223.25830078125
2018-02-16,453.2109375,1226.2685546875
2018-02-19,454.69757080078125,1222.3177490234375
2018-02-20,456.78662109375,1231.160400390625
2018-02-21,460.9851379394531,1271.9447021484375
2018-02-22,466.3487243652344,1275.247314453125
2018-02-23,464.29986572265625,1285.95068359375
2018-02-26,457.44970703125,1267.5128173828125
2018-02-27,462.11004638671875,1271.9652099609375
2018-02-28,471.1095886230469,1268.913818359375
2018-03-01,466.3487243652344,1270.0211181640625
2018-03-05,464.40020751953125,1298.5135498046875
2018-03-06,462.57220458984375,1272.15380859375
2018-03-07,459.6592712402344,1265.7362060546875
2018-03-08,464.7015380859375,1255.9111328125
2018-03-09,467.4134521484375,1268.51611328125
2018-03-12,476.3929138183594,1276.0628662109375
2018-03-13,475.6094665527344,1206.9320068359375
2018-03-14,474.4041748046875,1206.9737548828125
2018-03-15,475.08721923828125,1199.7825927734375
2018-03-16,470.8284912109375,1181.3868408203125
2018-03-19,460.72393798828125,1183.6026611328125
2018-03-20,467.87554931640625,1197.7550048828125
2018-03-21,469.0606384277344,1194.3685302734375
2018-03-22,466.5697021484375,1183.74951171875
2018-03-23,469.10076904296875,1178.2303466796875
2018-03-26,464.1390686035156,1177.7496337890625
2018-03-27,463.63690185546875,1190.5849609375
2018-03-28,454.7176208496094,1191.1912841796875
2018-04-02,456.8670959472656,1216.4849853515625
2018-04-03,458.1928405761719,1217.1544189453125
2018-04-04,451.6642150878906,1217.0081787109375
2018-04-05,461.0455017089844,1236.678955078125
2018-04-06,452.7892150878906,1233.4810791015625
2018-04-09,446.46142578125,1222.443115234375
2018-04-10,447.3251647949219,1228.171142578125
2018-04-11,451.684326171875,1260.1756591796875
2018-04-12,467.0919494628906,1312.4781494140625
2018-04-13,470.6475524902344,1318.351806640625
2018-04-16,455.2801208496094,1332.713623046875
2018-04-17,452.06591796875,1323.912841796875
2018-04-18,452.3672790527344,1320.7769775390625
2018-04-19,455.1395263671875,1334.1767578125
2018-04-20,473.46002197265625,1422.5181884765625
2018-04-23,477.17620849609375,1425.110595703125
2018-04-24,463.83770751953125,1415.4945068359375
2018-04-25,466.18798828125,1450.864501953125
2018-04-26,472.6564025878906,1479.7122802734375
2018-04-27,476.1718444824219,1443.2135009765625
2018-04-30,481.91717529296875,1476.723388671875
2018-05-02,480.9328918457031,1463.1983642578125
2018-05-03,475.1072082519531,1455.7144775390625
2018-05-04,471.310546875,1455.2547607421875
2018-05-07,475.2879333496094,1430.253173828125
2018-05-08,468.2772216796875,1438.7191162109375
2018-05-09,470.3461608886719,1458.8292236328125
2018-05-10,469.26153564453125,1442.920654296875
2018-05-11,474.3840637207031,1445.3043212890625
2018-05-14,477.8192138671875,1435.5213623046875
2018-05-15,479.92840576171875,1455.9442138671875
2018-05-16,478.0802307128906,1460.75244140625
2018-05-17,475.247802734375,1459.87451171875
2018-05-18,475.3682556152344,1464.15966796875
2018-05-21,473.8818359375,1487.029052734375
2018-05-22,479.6471252441406,1467.0238037109375
2018-05-23,476.0513916015625,1461.254150390625
2018-05-24,490.5549621582031,1506.6583251953125
2018-05-25,493.48797607421875,1499.1746826171875
2018-05-28,487.9035339355469,1464.15966796875
2018-05-29,488.82745361328125,1473.1278076171875
2018-05-30,486.81866455078125,1469.197509765625
2018-05-31,494.8941650390625,1467.9332275390625
2018-06-01,490.47479248046875,1460.6822509765625
2018-06-04,497.9476013183594,1470.630859375
2018-06-05,490.49481201171875,1451.5341796875
2018-06-06,497.1641540527344,1455.033203125
2018-06-07,503.1905822753906,1463.2957763671875
2018-06-08,506.2440490722656,1473.0338134765625
2018-06-11,507.1881408691406,1475.225830078125
2018-06-12,505.621337890625,1501.6156005859375
2018-06-13,512.1699829101562,1537.955078125
2018-06-14,510.2764587402344,1507.138916015625
2018-06-15,527.379150390625,1551.403076171875
2018-06-18,521.6782836914062,1542.0863037109375
2018-06-19,511.0586853027344,1538.2923583984375
2018-06-20,511.6968078613281,1536.5640869140625
2018-06-21,513.0961303710938,1533.9503173828125
2018-06-22,513.63134765625,1525.8984375
2018-06-25,523.7568969726562,1533.865966796875
2018-06-26,525.9796142578125,1561.478271484375
2018-06-27,522.7484741210938,1566.5369873046875
2018-06-28,530.8160400390625,1553.6373291015625
2018-06-29,538.0604858398438,1557.894775390625
2018-07-02,549.3796997070312,1560.930419921875
2018-07-03,557.2210693359375,1580.0693359375
2018-07-04,553.7017822265625,1573.4085693359375
2018-07-05,528.5110473632812,1585.339111328125
2018-07-06,528.6138916015625,1612.8673095703125
2018-07-09,534.62353515625,1587.6156005859375
2018-07-10,535.6731567382812,1580.95458984375
2018-07-11,543.5143432617188,1669.315185546875
2018-07-12,532.771240234375,1662.106201171875
2018-07-13,542.2589111328125,1670.3265380859375
2018-07-16,548.6183471679688,1677.1558837890625
2018-07-17,546.5809326171875,1691.4755859375
2018-07-18,544.3788452148438,1689.87060546875
2018-07-19,541.9706420898438,1673.9459228515625
2018-07-20,554.8955078125,1686.7874755859375
2018-07-23,558.12646484375,1694.4327392578125
2018-07-24,566.852783203125,1688.8145751953125
2018-07-25,569.5693969726562,1674.0302734375
2018-07-26,565.2474975585938,1659.8369140625
2018-07-27,565.3298950195312,1642.137939453125
2018-07-30,556.089111328125,1642.85595703125
2018-07-31,561.892822265625,1639.1385498046875
2018-08-01,557.3446044921875,1669.8060302734375
2018-08-02,557.1798706054688,1646.06640625
2018-08-03,561.481201171875,1672.29833984375
2018-08-06,560.0611572265625,1669.0032958984375
2018-08-07,563.06591796875,1662.0758056640625
2018-08-08,560.9255981445312,1667.6934814453125
2018-08-09,568.0051879882812,1667.9898681640625
2018-08-10,570.2691040039062,1683.8302001953125
2018-08-13,579.8597412109375,1689.7861328125
2018-08-14,579.6746215820312,1692.65869140625
2018-08-16,588.4212646484375,1696.840087890625
2018-08-17,588.7506103515625,1700.43115234375
2018-08-20,569.7752685546875,1698.0655517578125
2018-08-21,569.65185546875,1704.57080078125
2018-08-23,575.1880493164062,1719.3128662109375
2018-08-24,567.3262329101562,1725.9873046875
2018-08-27,582.5969848632812,1732.6610107421875
2018-08-28,586.425048828125,1748.1217041015625
2018-08-29,580.41552734375,1750.4869384765625
2018-08-30,582.9262084960938,1759.2735595703125
2018-08-31,593.1754150390625,1755.8941650390625
2018-09-03,590.3558349609375,1734.350830078125
2018-09-04,606.8410034179688,1773.21337890625
2018-09-05,600.87255859375,1756.6121826171875
2018-09-06,598.6087646484375,1753.275390625
2018-09-07,603.260009765625,1757.119140625
2018-09-10,601.65478515625,1757.8795166015625
2018-09-11,604.4947509765625,1728.73291015625
2018-09-12,611.5745849609375,1726.7896728515625
2018-09-14,604.0009155273438,1744.9112548828125
2018-09-17,597.6209106445312,1752.3033447265625
2018-09-18,591.9818115234375,1749.4307861328125
2018-09-19,592.5167846679688,1755.4715576171875
2018-09-21,580.6212158203125,1776.8035888671875
2018-09-24,591.2821655273438,1857.31591796875
2018-09-25,597.8267822265625,1844.4324951171875
2018-09-26,590.9527587890625,1809.7518310546875
2018-09-27,596.6741943359375,1849.2056884765625
2018-09-28,600.9961547851562,1844.8546142578125
2018-10-01,614.6616821289062,1905.5557861328125
2018-10-03,599.7201538085938,1827.240234375
2018-10-04,582.1854248046875,1744.40478515625
2018-10-05,596.509521484375,1776.3809814453125
2018-10-08,588.1538696289062,1755.1761474609375
2018-10-09,590.8704223632812,1767.21484375
2018-10-10,576.6287231445312,1726.49365234375
2018-10-11,554.3193359375,1672.720703125
2018-10-12,558.8056640625,1620.63720703125
2018-10-15,575.2703247070312,1646.99560546875
2018-10-16,572.3478393554688,1657.8095703125
2018-10-17,580.6624755859375,1630.0146484375
2018-10-19,562.7161254882812,1616.3280029296875
2018-10-22,559.7525024414062,1607.7113037109375
2018-10-23,541.3533935546875,1560.8514404296875
2018-10-24,534.93212890625,1564.956787109375
2018-10-25,539.8838500976562,1568.76708984375
2018-10-26,527.2760009765625,1523.134521484375
2018-10-29,536.5550537109375,1584.005859375
2018-10-30,548.9129638671875,1604.1551513671875
2018-10-31,571.2157592773438,1640.85595703125
2018-11-01,554.8215942382812,1638.8238525390625
2018-11-02,551.1182861328125,1619.9444580078125
2018-11-05,554.2390747070312,1600.8114013671875
2018-11-06,554.6136474609375,1636.2415771484375
2018-11-07,562.144775390625,1644.2421875
2018-11-09,548.8297119140625,1616.346435546875
2018-11-12,552.7411499023438,1621.1297607421875
2018-11-13,553.9894409179688,1638.1466064453125
2018-11-14,543.5869750976562,1592.1754150390625
2018-11-15,546.2501831054688,1585.5721435546875
2018-11-16,541.63134765625,1597.213134765625
2018-11-19,542.3386840820312,1610.631591796875
2018-11-20,533.7671508789062,1590.1441650390625
2018-11-21,515.2093505859375,1534.0560302734375
2018-11-22,516.5823364257812,1534.5216064453125
2018-11-26,517.1649780273438,1562.92529296875
2018-11-27,531.6865844726562,1600.30322265625
2018-11-28,554.5718383789062,1679.5882568359375
2018-11-29,550.1198120117188,1659.8197021484375
2018-11-30,555.4456176757812,1666.3388671875
2018-12-03,557.8589477539062,1678.3182373046875
2018-12-04,570.2586669921875,1702.4044189453125
2018-12-05,567.0548706054688,1698.933349609375
2018-12-06,556.3195190429688,1687.0384521484375
2018-12-07,568.219970703125,1689.1549072265625
2018-12-10,556.902099609375,1672.730712890625
2018-12-11,561.3126831054688,1693.218505859375
2018-12-12,564.641357421875,1707.441650390625
2018-12-13,580.6610717773438,1678.487548828125
2018-12-14,587.5682983398438,1684.5408935546875
2018-12-17,577.8732299804688,1688.3927001953125
2018-12-18,563.060302734375,1682.9317626953125
2018-12-19,553.2819213867188,1666.5078125
2018-12-20,555.1129760742188,1654.317138671875
2018-12-21,537.76171875,1605.001953125
2018-12-24,540.091796875,1624.2198486328125
2018-12-26,535.972412109375,1599.414306640625
2018-12-27,546.5828247070312,1616.134521484375
2018-12-28,546.7077026367188,1605.213623046875
2018-12-31,548.3720703125,1602.673583984375
2019-01-01,553.4483642578125,1610.92822265625
2019-01-02,556.7772216796875,1628.2838134765625
2019-01-03,556.8605346679688,1608.515380859375
2019-01-04,550.1198120117188,1588.958251953125
2019-01-07,558.9826049804688,1606.77978515625
2019-01-08,557.6093139648438,1603.0970458984375
2019-01-09,562.6441040039062,1597.5093994140625
2019-01-10,565.6400756835938,1598.8638916015625
2019-01-11,568.8023681640625,1559.919921875
2019-01-14,584.1146240234375,1535.1138916015625
2019-01-15,604.6697998046875,1581.296630859375
2019-01-16,613.1581420898438,1583.28662109375
2019-01-17,610.2869873046875,1607.169677734375
2019-01-18,608.2898559570312,1612.556884765625
2019-01-21,619.9821166992188,1619.386474609375
2019-01-22,620.2733764648438,1613.6173095703125
2019-01-23,608.872314453125,1591.3040771484375
2019-01-24,612.5123901367188,1613.320556640625
2019-01-25,611.131591796875,1629.652587890625
2019-01-28,609.1234130859375,1658.6685791015625
2019-01-29,609.0816650390625,1682.2127685546875
2019-01-30,607.4080810546875,1681.0675048828125
2019-01-31,627.1975708007812,1708.810791015625
2019-02-01,633.4732666015625,1722.2581787109375
2019-02-04,632.5110473632812,1739.4808349609375
2019-02-05,631.6323852539062,1734.64501953125
2019-02-06,638.7031860351562,1760.3104248046875
2019-02-07,639.2887573242188,1767.1822509765625
2019-02-08,636.69482421875,1748.9407958984375
2019-02-11,638.2847900390625,1752.7589111328125
2019-02-12,627.95068359375,1740.62646484375
2019-02-14,619.248291015625,1734.6875
2019-02-15,620.8380737304688,1722.0458984375
2019-02-18,620.0849609375,1671.6495361328125
2019-02-19,606.0691528320312,1616.0780029296875
2019-02-20,619.7922973632812,1624.52001953125
2019-02-21,613.7255249023438,1624.0531005859375
2019-02-22,614.9807739257812,1633.7674560546875
2019-02-25,631.6741943359375,1684.248779296875
2019-02-26,621.2982177734375,1729.6820068359375
2019-02-27,615.2318725585938,1746.1412353515625
2019-02-28,614.4368286132812,1682.806884765625
2019-03-01,620.7962646484375,1692.945068359375
2019-03-05,612.9306640625,1686.7515869140625
2019-03-06,612.9306640625,1696.5081787109375
2019-03-07,604.9396362304688,1708.1317138671875
2019-03-08,596.0697631835938,1716.1070556640625
2019-03-11,595.1494140625,1709.404541015625
2019-03-12,591.5513916015625,1707.41064453125
2019-03-13,592.8064575195312,1697.272216796875
2019-03-14,592.7227783203125,1686.1575927734375
2019-03-15,601.2578125,1730.741943359375
2019-03-18,594.2708740234375,1716.1917724609375
2019-03-19,604.3539428710938,1716.1917724609375
2019-03-20,618.3278198242188,1709.6165771484375
2019-03-22,621.8003540039062,1701.641357421875
2019-03-25,615.2318725585938,1683.485107421875
2019-03-26,608.9560546875,1682.127685546875
2019-03-27,610.587646484375,1669.61328125
2019-03-28,617.3655395507812,1697.1024169921875
2019-04-01,631.841552734375,1723.700439453125
2019-04-02,635.4395751953125,1764.128173828125
2019-04-03,630.3353271484375,1764.128173828125
2019-04-04,625.81689453125,1709.1500244140625
2019-04-05,635.3560180664062,1737.826904296875
2019-04-08,642.0083618164062,1756.8739013671875
2019-04-09,636.4437866210938,1774.478759765625
2019-04-10,629.8333740234375,1730.9969482421875
2019-04-11,621.4656982421875,1713.39208984375
2019-04-12,625.6912841796875,1709.1500244140625
2019-04-15,608.7468872070312,1792.974365234375
2019-04-16,605.9019165039062,1808.669921875
2019-04-18,600.0026245117188,1824.15380859375
2019-04-22,603.3496704101562,1833.82568359375
2019-04-23,609.3325805664062,1828.3956298828125
2019-04-24,616.23583984375,1852.4908447265625
2019-04-25,609.6254272460938,1862.29052734375
2019-04-26,617.5328979492188,1899.2393798828125
2019-04-30,628.7036743164062,1917.735107421875
2019-05-02,611.5081176757812,1879.59814453125
2019-05-03,605.4833374023438,1808.840087890625
2019-05-06,601.1323852539062,1830.771728515625
2019-05-07,606.2783813476562,1825.765869140625
2019-05-08,601.9271850585938,1826.5294189453125
2019-05-09,603.3496704101562,1843.2431640625
2019-05-10,599.8353271484375,1812.0634765625
2019-05-13,602.2200927734375,1806.08251953125
2019-05-14,597.3250122070312,1775.199951171875
2019-05-15,599.2077026367188,1777.787353515625
2019-05-16,613.4328002929688,1789.1138916015625
2019-05-17,605.7344360351562,1777.8297119140625
2019-05-20,604.4794921875,1818.978271484375
2019-05-21,593.5177001953125,1789.9627685546875
2019-05-22,593.8941650390625,1766.2064208984375
2019-05-23,586.6143188476562,1742.7056884765625
2019-05-24,593.4341430664062,1737.572021484375
2019-05-27,592.5136108398438,1743.6383056640625
2019-05-28,609.2489624023438,1759.419189453125
2019-05-29,608.997802734375,1788.0958251953125
2019-05-30,613.809326171875,1820.9725341796875
2019-05-31,617.3237915039062,1863.60546875
2019-06-03,623.097412109375,1902.4207763671875
2019-06-04,615.2735595703125,1867.182861328125
2019-06-06,615.524658203125,1852.642822265625
2019-06-07,618.453369140625,1866.0281982421875
2019-06-10,630.5028076171875,1908.5789794921875
2019-06-11,631.6741943359375,1926.7965087890625
2019-06-12,630.7538452148438,1933.7249755859375
2019-06-13,630.2023315429688,1927.90869140625
2019-06-14,628.3353881835938,1928.2510986328125
2019-06-17,628.420166015625,1923.7177734375
2019-06-18,636.566650390625,1925.12939453125
2019-06-19,638.0515747070312,1932.86962890625
2019-06-20,640.5973510742188,1948.307373046875
2019-06-21,636.6089477539062,1924.273681640625
2019-06-24,632.6206665039062,1946.2120361328125
2019-06-25,634.8270263671875,1939.6259765625
2019-06-26,627.274658203125,1927.99462890625
2019-06-27,619.9342651367188,1926.5831298828125
2019-06-28,621.164794921875,1904.901123046875
2019-07-01,620.5706787109375,1915.464599609375
2019-07-02,627.953369140625,1926.1978759765625
2019-07-03,620.5706787109375,1913.8389892578125
2019-07-04,622.6922607421875,1918.11572265625
2019-07-05,609.2844848632812,1850.07763671875
2019-07-08,608.9450073242188,1860.597412109375
2019-07-09,607.1631469726562,1824.632568359375
2019-07-10,608.6481323242188,1803.1219482421875
2019-07-11,612.2545776367188,1798.2896728515625
2019-07-12,616.7096557617188,1802.6090087890625
2019-07-15,661.3452758789062,1835.195068359375
2019-07-16,666.0125122070312,1805.447509765625
2019-07-17,673.9044189453125,1815.092041015625
2019-07-18,672.6738891601562,1771.113037109375
2019-07-19,666.4791870117188,1780.543212890625
2019-07-22,665.6306762695312,1808.790771484375
2019-07-23,670.4251098632812,1810.9766845703125
2019-07-24,667.2429809570312,1797.560302734375
2019-07-25,674.201416015625,1824.221923828125
2019-07-26,667.8370361328125,1808.0621337890625
2019-07-29,671.6132202148438,1826.0223388671875
2019-07-30,672.6738891601562,1868.15771484375
2019-07-31,673.4800415039062,1890.9185791015625
2019-08-01,652.4352416992188,1868.9293212890625
2019-08-02,658.1630859375,1890.575927734375
2019-08-05,659.0965576171875,1927.69677734375
2019-08-06,657.1873168945312,1898.8056640625
2019-08-07,658.5873413085938,1897.56298828125
2019-08-08,669.322021484375,1935.8406982421875
2019-08-09,670.2554931640625,1925.6824951171875
2019-08-13,648.9559936523438,1885.5604248046875
2019-08-14,657.4842529296875,1889.804443359375
2019-08-16,657.2720336914062,1856.1131591796875
2019-08-19,659.9027099609375,1854.3128662109375
2019-08-20,672.7163696289062,1874.6732177734375
2019-08-21,678.4017944335938,1874.201904296875
2019-08-22,675.2196655273438,1899.7486572265625
2019-08-23,680.7355346679688,1926.925048828125
2019-08-26,681.0325317382812,1951.4434814453125
2019-08-27,665.8428955078125,1917.3231201171875
2019-08-28,680.9900512695312,1919.680908203125
2019-08-29,684.7661743164062,1914.708740234375
2019-08-30,691.5125732421875,1937.1270751953125
2019-09-03,690.9609375,1930.268310546875
2019-09-04,696.9434204101562,1924.9530029296875
2019-09-05,707.7630615234375,1899.14892578125
2019-09-06,712.9393920898438,1883.8890380859375
2019-09-09,703.5623168945312,1871.330078125
2019-09-11,695.925048828125,1846.59716796875
2019-09-12,692.7854614257812,1829.108642578125
2019-09-13,703.7321166992188,1836.2667236328125
2019-09-16,702.3744506835938,1843.168212890625
2019-09-17,705.386962890625,1819.7215576171875
2019-09-18,704.198974609375,1833.35205078125
2019-09-19,696.4342651367188,1801.9749755859375
2019-09-20,683.1115112304688,1770.68408203125
2019-09-23,648.6165161132812,1728.1202392578125
2019-09-24,673.819580078125,1752.8958740234375
2019-09-25,672.6314697265625,1790.402099609375
2019-09-26,664.060791015625,1789.6732177734375
2019-09-27,663.7637329101562,1762.7115478515625
2019-09-30,683.6630859375,1799.703857421875
2019-10-01,673.3951416015625,1765.969482421875
2019-10-03,666.64892578125,1766.2266845703125
2019-10-04,673.3103637695312,1782.6007080078125
2019-10-07,670.0007934570312,1755.4677734375
2019-10-09,664.9942016601562,1731.8060302734375
2019-10-10,664.4850463867188,1718.3897705078125
2019-10-11,691.4276733398438,1703.3013916015625
2019-10-14,667.0731201171875,1732.5777587890625
2019-10-15,651.9684448242188,1746.5517578125
2019-10-16,654.6415405273438,1754.35302734375
2019-10-17,652.9867553710938,1780.2554931640625
2019-10-18,651.5865478515625,1803.39697265625
2019-10-22,546.107421875,1798.18115234375
2019-10-23,559.0393676757812,1814.5726318359375
2019-10-24,545.9354858398438,1825.00390625
2019-10-25,547.7399291992188,1862.652099609375
2019-10-27,557.5355834960938,1854.5438232421875
2019-10-29,559.0823364257812,1923.9246826171875
2019-10-30,567.6320190429688,1974.720703125
2019-10-31,589.1138305664062,1989.491455078125
2019-11-01,591.0900268554688,1929.2274169921875
2019-11-04,609.2205810546875,1923.1351318359375
2019-11-05,598.1359252929688,1930.060546875
2019-11-06,612.05615234375,1918.3577880859375
2019-11-07,618.7583618164062,1915.5966796875
2019-11-08,608.4901733398438,1867.034912109375
2019-11-11,605.2679443359375,1841.61474609375
2019-11-13,594.054443359375,1909.68017578125
2019-11-14,606.041259765625,1925.6334228515625
2019-11-15,604.8383178710938,1906.04248046875
2019-11-18,605.9552001953125,1886.8892822265625
2019-11-19,612.5287475585938,1848.49560546875
2019-11-20,612.6575317382812,1848.2764892578125
2019-11-21,612.8724365234375,1856.6480712890625
2019-11-22,595.64404296875,1815.9754638671875
2019-11-25,599.8544311523438,1824.56591796875
2019-11-26,593.409912109375,1794.0174560546875
2019-11-27,597.8352661132812,1800.72314453125
2019-11-28,603.0767822265625,1820.927734375
2019-11-29,598.3507080078125,1799.802978515625
2019-12-02,595.2144165039062,1771.577392578125
2019-12-03,600.0693359375,1797.8304443359375
2019-12-04,609.0916137695312,1821.9361572265625
2019-12-05,614.2472534179688,1859.453125
2019-12-06,614.4620361328125,1861.468994140625
2019-12-09,616.3095092773438,1806.1138916015625
2019-12-10,613.9893798828125,1764.3895263671875
2019-12-11,619.57470703125,1789.853515625
2019-12-12,603.2915649414062,1771.446044921875
2019-12-13,611.19677734375,1815.5809326171875
2019-12-16,613.516845703125,1864.22998046875
2019-12-17,627.00732421875,1897.71435546875
2019-12-18,629.370361328125,1900.1690673828125
2019-12-19,627.9954833984375,1953.902587890625
2019-12-20,628.5969848632812,1948.511962890625
2019-12-23,632.4207153320312,1956.225341796875
2019-12-24,630.1866455078125,1942.11279296875
2019-12-26,626.3629150390625,1930.1475830078125
2019-12-27,633.2371215820312,1927.123779296875
2019-12-30,629.757080078125,1913.712158203125
2019-12-31,628.2532958984375,1894.865966796875
2020-01-01,633.1510009765625,1900.0379638671875
2020-01-02,631.3037109375,1891.31591796875
2020-01-03,641.0135498046875,1929.0079345703125
2020-01-06,634.86962890625,1928.832763671875
2020-01-07,625.460693359375,1933.5662841796875
2020-01-08,617.125732421875,1976.868408203125
2020-01-09,625.1598510742188,1941.0174560546875
2020-01-10,634.268310546875,1940.31591796875
2020-01-13,664.6862182617188,1919.9793701171875
2020-01-14,666.4906616210938,1934.4862060546875
2020-01-15,659.5306396484375,1952.0181884765625
2020-01-16,659.0579223632812,1962.4488525390625
2020-01-17,659.7883911132812,1945.1807861328125
2020-01-20,660.3040161132812,1902.4483642578125
2020-01-21,655.1912841796875,1903.0621337890625
2020-01-22,661.8077392578125,1934.4862060546875
2020-01-23,673.96630859375,1924.866455078125
2020-01-24,672.5914916992188,1918.23291015625
2020-01-27,668.5958862304688,1905.8017578125
2020-01-28,668.5098876953125,1918.5408935546875
2020-01-29,678.5634155273438,1892.9310302734375
2020-01-30,670.8300170898438,1878.2156982421875
2020-01-31,666.74853515625,1826.5562744140625
2020-02-03,659.4017944335938,1847.1585693359375
2020-02-04,676.9736328125,1851.7706298828125
2020-02-05,674.13818359375,1885.8592529296875
2020-02-06,662.7957763671875,1869.8695068359375
2020-02-07,667.9085693359375,1877.0736083984375
2020-02-10,664.385498046875,1899.388427734375
2020-02-11,664.6862182617188,1891.876708984375
2020-02-12,671.1307983398438,1907.11962890625
2020-02-13,680.7544555664062,1925.7449951171875
2020-02-14,675.770751953125,1918.9364013671875
2020-02-17,678.3485717773438,1935.672607421875
2020-02-18,685.3946533203125,1946.6546630859375
2020-02-19,687.800537109375,1929.6109619140625
2020-02-20,684.8360595703125,1894.8634033203125
2020-02-24,683.8478393554688,1858.4481201171875
2020-02-25,686.0391235351562,1894.292724609375
2020-02-26,672.5914916992188,1865.696044921875
2020-02-27,668.381103515625,1849.7943115234375
2020-02-28,628.7259521484375,1757.2384033203125
2020-03-02,636.760009765625,1758.2491455078125
2020-03-03,641.8726806640625,1788.910400390625
2020-03-04,651.968994140625,1830.2021484375
2020-03-05,648.403076171875,1866.9697265625
2020-03-06,634.9556274414062,1859.4144287109375
2020-03-09,605.3108520507812,1732.8148193359375
2020-03-11,589.4573974609375,1716.429931640625
2020-03-12,542.3694458007812,1554.9075927734375
2020-03-13,551.9503784179688,1586.9310302734375
2020-03-16,501.081787109375,1490.3779296875
2020-03-17,476.8503723144531,1456.641357421875
2020-03-18,459.1065673828125,1453.478515625
2020-03-19,468.7732849121094,1448.124755859375
2020-03-20,502.8431396484375,1590.693603515625
2020-03-23,452.36126708984375,1477.638671875
2020-03-24,506.7958984375,1507.240966796875
2020-03-25,520.8877563476562,1548.96728515625
2020-03-26,552.5088500976562,1584.9412841796875
2020-03-27,560.8438110351562,1614.6324462890625
2020-03-30,538.5028686523438,1573.923583984375
2020-03-31,551.2200927734375,1616.048095703125
2020-04-01,517.9664306640625,1512.196533203125
2020-04-03,503.2728271484375,1463.921630859375
2020-04-07,549.07177734375,1571.0030517578125
2020-04-08,542.7132568359375,1509.2762451171875
2020-04-09,546.7089233398438,1562.994384765625
2020-04-13,547.697021484375,1556.8880615234375
2020-04-15,549.11474609375,1535.5601806640625
2020-04-16,536.053955078125,1518.6568603515625
2020-04-17,540.2643432617188,1598.437255859375
2020-04-20,561.3593139648438,1609.455322265625
2020-04-21,544.0880737304688,1537.7725830078125
2020-04-22,551.5208129882812,1565.9588623046875
2020-04-23,583.7003784179688,1662.199462890625
2020-04-24,565.3978271484375,1609.3665771484375
2020-04-27,571.0690307617188,1625.3404541015625
2020-04-28,567.7179565429688,1645.2081298828125
2020-04-29,581.337158203125,1686.4476318359375
2020-04-30,614.8057861328125,1782.7325439453125
2020-05-04,578.888427734375,1708.39501953125
2020-05-05,578.888427734375,1710.4306640625
2020-05-06,572.1861572265625,1684.6339111328125
2020-05-07,571.3697509765625,1674.058349609375
2020-05-08,579.3180541992188,1675.6070556640625
2020-05-11,586.7937622070312,1712.6873779296875
2020-05-12,590.8750610351562,1725.2537841796875
2020-05-13,596.4603881835938,1725.3865966796875
2020-05-14,565.5267944335938,1683.52734375
2020-05-15,560.5000610351562,1675.1641845703125
2020-05-18,570.4676513671875,1721.8026123046875
2020-05-19,574.506103515625,1724.501708984375
2020-05-20,575.3224487304688,1728.88232421875
2020-05-21,577.5994873046875,1762.1572265625
2020-05-22,594.9136962890625,1787.9541015625
2020-05-26,584.7744750976562,1719.5013427734375
2020-05-27,606.170166015625,1774.63525390625
2020-05-28,607.8457641601562,1773.7506103515625
2020-05-29,601.8360595703125,1745.475341796875
2020-06-01,609.2828369140625,1809.9901123046875
2020-06-02,616.7294921875,1811.6715087890625
2020-06-03,611.0247192382812,1816.1092529296875
2020-06-04,616.4247436523438,1856.4051513671875
2020-06-05,612.7666015625,1817.97314453125
2020-06-08,627.8342895507812,1838.830810546875
2020-06-09,625.003662109375,1839.0972900390625
2020-06-10,623.4794921875,1871.67138671875
2020-06-11,613.1150512695312,1835.1915283203125
2020-06-12,602.7504272460938,1810.2066650390625
2020-06-15,598.8311767578125,1801.6864013671875
2020-06-16,610.719970703125,1815.7984619140625
2020-06-17,612.853759765625,1817.57373046875
2020-06-18,621.7811279296875,1808.9642333984375
2020-06-19,614.508544921875,1814.7333984375
2020-06-22,612.897216796875,1799.955322265625
2020-06-23,627.66015625,1806.4791259765625
2020-06-24,621.9988403320312,1812.603271484375
2020-06-25,610.1102905273438,1789.4375
2020-06-26,651.6550903320312,1880.6358642578125
2020-06-29,637.3278198242188,1865.369140625
2020-06-30,640.9859619140625,1848.062255859375
2020-07-01,637.45849609375,1856.8486328125
2020-07-02,658.9713134765625,1914.629638671875
2020-07-03,664.2842407226562,1952.3515625
2020-07-06,665.4164428710938,2008.7572021484375
2020-07-07,691.6761474609375,2014.703857421875
2020-07-08,674.73583984375,1969.4375
2020-07-09,680.8326416015625,1956.5235595703125
2020-07-10,680.9630737304688,1972.4996337890625
2020-07-13,694.2017211914062,1970.4141845703125
2020-07-14,682.1824951171875,1927.765380859375
2020-07-15,723.7274780273438,1982.7510986328125
2020-07-16,793.4480590820312,1987.955322265625
2020-07-17,786.6111450195312,1957.7098388671875
2020-07-20,813.7415161132812,1964.0703125
2020-07-21,815.8755493164062,1979.3262939453125
2020-07-22,799.4578247070312,1948.9918212890625
2020-07-23,790.7916259765625,1931.4227294921875
2020-07-24,803.76904296875,1919.1470947265625
2020-07-27,826.0656127929688,1963.091796875
2020-07-28,838.6075439453125,2054.672119140625
2020-07-29,831.0303344726562,2024.6943359375
2020-07-30,837.3882446289062,2027.7626953125
2020-07-31,841.3511352539062,2029.452880859375
2020-08-03,833.4253540039062,2005.212646484375
2020-08-04,827.2850341796875,2001.25390625
2020-08-05,822.799560546875,2009.97216796875
2020-08-06,845.5753784179688,2053.204833984375
2020-08-07,828.1995849609375,2041.86328125
2020-08-10,828.5914916992188,2030.6983642578125
2020-08-11,826.0656127929688,2028.119384765625
2020-08-12,831.72705078125,2008.059326171875
2020-08-13,828.4608764648438,2005.479248046875
2020-08-14,830.5511474609375,1994.538330078125
2020-08-17,833.9479370117188,2004.545654296875
2020-08-18,842.7010498046875,2019.09033203125
2020-08-19,835.5156860351562,2007.39208984375
2020-08-20,831.901123046875,2004.056396484375
2020-08-21,826.37060546875,2000.275390625
2020-08-24,825.1510620117188,1999.830810546875
2020-08-25,817.05126953125,1994.982666015625
2020-08-26,828.112548828125,2004.63427734375
2020-08-27,824.8463745117188,2000.097412109375
2020-08-28,814.5689086914062,1991.3353271484375
2020-08-31,808.7771606445312,2007.9705810546875
2020-09-01,796.191650390625,1998.2742919921875
2020-09-02,804.7706298828125,2014.9974365234375
2020-09-03,814.8302612304688,2045.5546875
2020-09-04,800.5465087890625,2036.0361328125
2020-09-07,805.6851196289062,2070.06201171875
2020-09-08,818.096435546875,2088.8759765625
2020-09-09,808.0368041992188,2070.595703125
2020-09-10,818.7495727539062,2073.708740234375
2020-09-11,823.6705932617188,2111.916259765625
2020-09-14,852.1510620117188,2216.261962890625
2020-09-15,855.678466796875,2216.261962890625
2020-09-16,872.4880981445312,2226.580810546875
2020-09-17,880.5445556640625,2189.1748046875
2020-09-18,872.8364868164062,2179.3447265625
2020-09-21,879.58642578125,2193.04443359375
2020-09-22,877.49609375,2244.32763671875
2020-09-23,888.1654663085938,2194.956787109375
2020-09-24,849.5382690429688,2074.6875
2020-09-25,880.9364624023438,2154.793212890625
2020-09-28,880.02197265625,2158.35107421875
2020-09-29,878.8025512695312,2213.59326171875
2020-09-30,878.1494140625,2217.06201171875
2020-10-01,886.3365478515625,2244.772705078125
2020-10-05,913.3796997070312,2406.985107421875
2020-10-06,919.5200805664062,2414.545654296875
2020-10-07,928.9265747070312,2433.8056640625
2020-10-08,952.5731201171875,2513.6435546875
2020-10-09,963.98291015625,2502.30126953125
2020-10-12,986.0182495117188,2517.468994140625
2020-10-13,1008.402099609375,2514.3994140625
2020-10-14,990.2859497070312,2509.977783203125
2020-10-15,965.24560546875,2448.335693359375
2020-10-16,982.01171875,2468.615234375
2020-10-19,980.6182250976562,2422.383544921875
2020-10-20,990.7215576171875,2446.906494140625
2020-10-21,1000.17138671875,2390.08837890625
2020-10-22,983.362060546875,2386.29150390625
2020-10-23,988.1596069335938,2400.272705078125
2020-10-26,979.312255859375,2401.523681640625
2020-10-27,960.2972412109375,2349.664306640625
2020-10-28,947.7088623046875,2342.562255859375
2020-10-29,946.212158203125,2351.89794921875
2020-10-30,933.6676025390625,2380.663818359375
2020-11-02,943.9674682617188,2326.839599609375
2020-11-03,935.3844604492188,2352.747314453125
2020-11-04,963.0264892578125,2370.2119140625
2020-11-05,971.8736572265625,2399.290283203125
2020-11-06,979.5764770507812,2418.720703125
2020-11-09,1000.5279541015625,2435.82861328125
2020-11-10,960.4734497070312,2367.0400390625
2020-11-11,988.1596069335938,2401.166259765625
2020-11-12,983.9778442382812,2386.202392578125
2020-11-13,989.6559448242188,2373.517578125
2020-11-14,997.7990112304688,2385.577392578125
2020-11-17,989.2158813476562,2381.73583984375
2020-11-18,977.6398315429688,2346.537353515625
2020-11-19,965.4912109375,2355.6943359375
2020-11-20,971.3013916015625,2376.554931640625
2020-11-23,1003.4329223632812,2433.729736328125
2020-11-24,1003.6090698242188,2431.763916015625
2020-11-25,982.1294555664062,2413.22705078125
2020-11-26,979.972412109375,2430.46875
2020-11-27,968.352294921875,2393.885498046875
2020-12-01,1001.6724853515625,2436.007568359375
2020-12-02,1004.357421875,2456.33154296875
2020-12-03,991.6367797851562,2420.507080078125
2020-12-04,998.8555297851562,2436.677490234375
2020-12-07,1006.6464233398438,2445.744873046875
2020-12-08,1015.3173828125,2498.989501953125
2020-12-09,1034.55224609375,2511.049560546875
2020-12-10,1027.9940185546875,2487.3759765625
2020-12-11,1023.9885864257812,2486.75048828125
2020-12-14,1025.1771240234375,2499.34619140625
2020-12-15,1016.4179077148438,2467.0517578125
2020-12-16,1026.1893310546875,2514.086669921875
2020-12-17,1020.4673461914062,2535.52734375
2020-12-18,1047.4051513671875,2555.89599609375
2020-12-21,1036.4012451171875,2519.40234375
2020-12-22,1074.4310302734375,2566.16943359375
2020-12-23,1103.0853271484375,2598.5537109375
2020-12-24,1088.1199951171875,2599.089599609375
2020-12-28,1091.8614501953125,2617.001220703125
2020-12-29,1100.6644287109375,2617.984619140625
2020-12-30,1097.5833740234375,2599.045654296875
2020-12-31,1105.5062255859375,2557.45947265625
2021-01-01,1109.599609375,2615.97412109375
2021-01-04,1134.0726318359375,2715.315673828125
2021-01-05,1138.9583740234375,2763.155029296875
2021-01-06,1128.6585693359375,2726.08056640625
2021-01-07,1111.0963134765625,2709.375
2021-01-08,1155.0682373046875,2788.07958984375
2021-01-11,1211.4969482421875,2837.70556640625
2021-01-12,1207.57958984375,2836.276123046875
2021-01-13,1221.1363525390625,2822.072021484375
2021-01-14,1206.4788818359375,2909.564208984375
2021-01-15,1183.98681640625,2894.0341796875
2021-01-18,1155.024169921875,2883.65234375
2021-01-19,1159.0736083984375,2918.51416015625
2021-01-20,1179.14501953125,2961.56591796875
2021-01-21,1179.3651123046875,2930.283935546875
2021-01-22,1180.377685546875,2956.465087890625
2021-01-25,1166.51220703125,2945.90283203125
2021-01-27,1145.296875,2918.827392578125
2021-01-28,1123.4647216796875,2861.096435546875
2021-01-29,1090.7607421875,2784.837158203125
2021-02-01,1109.995849609375,2809.899169921875
2021-02-02,1119.107177734375,2867.272705078125
2021-02-03,1130.9034423828125,2864.228759765625
2021-02-04,1126.2376708984375,2853.846435546875
2021-02-05,1119.8553466796875,2826.546875
2021-02-08,1147.5416259765625,2876.8046875
2021-02-09,1149.30224609375,2843.508544921875
2021-02-10,1141.335205078125,2876.088623046875
2021-02-11,1137.9461669921875,2869.5556640625
2021-02-12,1153.0435791015625,2855.94970703125
2021-02-15,1152.9114990234375,2810.346435546875
2021-02-16,1135.9654541015625,2782.5556640625
2021-02-17,1127.954345703125,2750.6015625
2021-02-18,1137.7701416015625,2736.504150390625
2021-02-19,1136.7578125,2749.482421875
2021-02-22,1113.78125,2647.98291015625
2021-02-23,1114.7935791015625,2667.450439453125
2021-02-24,1121.792236328125,2638.7197265625
2021-02-25,1122.0123291015625,2680.9658203125
2021-02-26,1103.3052978515625,2590.565185546875
2021-03-01,1115.365966796875,2617.327392578125
2021-03-02,1148.3778076171875,2690.856201171875
2021-03-03,1182.7542724609375,2738.0703125
2021-03-04,1171.134033203125,2729.656982421875
2021-03-05,1159.1175537109375,2692.37890625
2021-03-08,1175.887939453125,2691.3935546875
2021-03-09,1184.5150146484375,2730.776123046875
2021-03-10,1204.4102783203125,2748.67724609375
2021-03-12,1210.308349609375,2737.041015625
2021-03-15,1209.207763671875,2744.380859375
2021-03-16,1218.3631591796875,2783.674072265625
2021-03-17,1221.0042724609375,2786.269287109375
2021-03-18,1177.076171875,2717.842041015625
2021-03-19,1183.5467529296875,2730.104736328125
2021-03-22,1206.7431640625,2801.21728515625
2021-03-23,1207.4034423828125,2812.808349609375
2021-03-24,1191.733642578125,2793.564697265625
2021-03-25,1174.171142578125,2743.217529296875
2021-03-26,1176.2838134765625,2744.962646484375
2021-03-30,1219.5078125,2827.084228515625
2021-03-31,1204.3223876953125,2844.359130859375
2021-04-01,1219.4195556640625,2832.857177734375
2021-04-05,1241.1636962890625,2899.002197265625
2021-04-06,1242.176025390625,2922.094970703125
2021-04-07,1259.033935546875,2928.091064453125
2021-04-08,1267.5291748046875,2969.219482421875
2021-04-09,1268.585693359375,2973.60546875
2021-04-12,1255.1165771484375,2905.84912109375
2021-04-13,1229.9395751953125,2778.3037109375
2021-04-15,1197.89599609375,2881.14501953125
2021-04-16,1191.733642578125,2859.8427734375
2021-04-19,1199.4805908203125,2829.993408203125
2021-04-20,1189.620849609375,2814.553955078125
2021-04-22,1189.400634765625,2791.505615234375
2021-04-23,1174.171142578125,2783.181884765625
2021-04-26,1182.7542724609375,2775.394287109375
2021-04-27,1187.1119384765625,2803.31982421875
2021-04-28,1193.71435546875,2796.249755859375
2021-04-29,1194.0223388671875,2788.32763671875
2021-04-30,1192.26171875,2717.081787109375
2021-05-03,1190.2371826171875,2718.289794921875
2021-05-04,1170.2978515625,2729.70166015625
2021-05-05,1180.9495849609375,2770.829345703125
2021-05-06,1198.6441650390625,2784.927001953125
2021-05-07,1190.67724609375,2804.1259765625
2021-05-10,1179.2330322265625,2815.404296875
2021-05-11,1171.3980712890625,2794.906982421875
2021-05-12,1168.1849365234375,2763.579833984375
2021-05-14,1158.8536376953125,2731.2685546875
2021-05-17,1170.2978515625,2747.603515625
2021-05-18,1179.6292724609375,2764.654541015625
2021-05-19,1176.9884033203125,2758.567626953125
2021-05-20,1179.0130615234375,2738.876708984375
2021-05-21,1192.3939208984375,2757.22509765625
2021-05-24,1186.7159423828125,2758.119873046875
2021-05-25,1198.6441650390625,2800.84375
2021-05-26,1230.02734375,2840.8681640625
2021-05-27,1234.4290771484375,2860.206298828125
2021-05-28,1236.8941650390625,2827.466796875
2021-05-31,1240.186279296875,2841.45263671875
2021-06-01,1234.358154296875,2835.921630859375
2021-06-02,1226.7501220703125,2814.7392578125
2021-06-03,1236.5382080078125,2825.3525390625
2021-06-04,1232.978759765625,2827.601318359375
2021-06-07,1236.5382080078125,2863.084228515625
2021-06-08,1257.270751953125,2878.3291015625
2021-06-09,1259.3619384765625,2878.4189453125
2021-06-10,1267.3702392578125,2893.305419921875
2021-06-11,1287.48046875,2944.573486328125
2021-06-14,1300.738525390625,2946.866455078125
2021-06-15,1311.5054931640625,2934.634033203125
2021-06-16,1317.46728515625,2945.067626953125
2021-06-17,1330.547607421875,2984.103515625
2021-06-18,1337.6661376953125,2965.710205078125
2021-06-21,1334.996826171875,2943.943603515625
2021-06-22,1345.2742919921875,2969.217529296875
2021-06-23,1337.53271484375,2933.419921875
2021-06-24,1387.4071044921875,3034.337158203125
2021-06-25,1400.7542724609375,3040.8125
2021-06-28,1398.6187744140625,3001.19189453125
2021-06-29,1390.8328857421875,3004.88037109375
2021-06-30,1406.627197265625,3009.287841796875
2021-07-01,1388.4747314453125,3005.464599609375
2021-07-02,1395.0596923828125,2991.02880859375
2021-07-05,1404.9810791015625,2987.0263671875
2021-07-06,1390.0765380859375,2934.229736328125
2021-07-07,1392.2119140625,2945.607177734375
2021-07-08,1388.7862548828125,2930.811767578125
2021-07-09,1390.699462890625,2885.524658203125
2021-07-12,1377.3076171875,2871.989013671875
2021-07-13,1374.7271728515625,2866.9970703125
2021-07-14,1403.156982421875,2891.281494140625
2021-07-15,1406.627197265625,2887.134521484375
2021-07-16,1384.0703125,2879.788818359375
2021-07-19,1371.835205078125,2870.59423828125
2021-07-20,1379.2652587890625,2889.70458984375
2021-07-22,1414.9913330078125,2899.213623046875
2021-07-23,1415.2139892578125,2896.05859375
2021-07-26,1427.1820068359375,2882.267578125
2021-07-27,1425.980712890625,2869.107177734375
2021-07-28,1428.6947021484375,2882.49267578125
2021-07-29,1438.838623046875,2880.68994140625
2021-07-30,1433.054931640625,2855.13525390625
2021-08-02,1451.7855224609375,2901.96240234375
2021-08-03,1472.8297119140625,2961.004638671875
2021-08-04,1467.53515625,2951.1337890625
2021-08-05,1471.361572265625,2960.148681640625
2021-08-06,1468.3807373046875,2983.449462890625
2021-08-09,1480.0372314453125,2995.0771484375
2021-08-10,1492.4503173828125,3005.17236328125
2021-08-11,1492.71728515625,3014.45751953125
2021-08-12,1503.439453125,3021.26318359375
2021-08-13,1523.5494384765625,3121.904296875
2021-08-16,1516.60888671875,3130.512939453125
2021-08-17,1549.7548828125,3202.715087890625
2021-08-18,1542.4581298828125,3209.475341796875
2021-08-20,1542.01318359375,3208.5283203125
2021-08-23,1547.1741943359375,3278.7470703125
2021-08-24,1531.246337890625,3256.933837890625
2021-08-25,1544.3267822265625,3298.2177734375
2021-08-26,1537.3414306640625,3309.801025390625
2021-08-27,1520.524169921875,3353.338623046875
2021-08-30,1510.9583740234375,3336.3466796875
2021-08-31,1518.432861328125,3413.100341796875
2021-09-01,1492.895263671875,3348.6513671875
2021-09-02,1502.9945068359375,3458.44140625
2021-09-03,1513.2720947265625,3463.218994140625
2021-09-06,1539.744140625,3472.18798828125
2021-09-07,1518.6109619140625,3439.64697265625
2021-09-08,1506.6875,3402.01416015625
2021-09-09,1505.21923828125,3417.5625
2021-09-13,1505.486328125,3466.193115234375
2021-09-14,1500.369873046875,3502.744873046875
2021-09-15,1522.88232421875,3564.626220703125
2021-09-16,1514.696044921875,3518.4296875
2021-09-17,1504.952392578125,3450.41943359375
2021-09-20,1501.8824462890625,3446.498046875
2021-09-21,1529.11083984375,3482.0576171875
2021-09-22,1527.7318115234375,3481.3369140625
2021-09-23,1550.5555419921875,3487.73681640625
2021-09-24,1569.5087890625,3489.5849609375
2021-09-27,1531.5135498046875,3458.62158203125
2021-09-28,1501.21484375,3406.520751953125
2021-09-29,1505.797607421875,3418.013916015625
2021-09-30,1490.626220703125,3403.27587890625
2021-10-01,1481.6834716796875,3362.39794921875
2021-10-04,1493.784912109375,3401.248046875
2021-10-05,1506.2869873046875,3455.331787109375
2021-10-06,1489.157958984375,3435.140869140625
2021-10-07,1504.685302734375,3509.055419921875
2021-10-08,1533.9156494140625,3547.589599609375
2021-10-11,1504.640625,3322.1953125
2021-10-12,1499.4801025390625,3292.67431640625
2021-10-13,1520.8800048828125,3294.792724609375
2021-10-14,1526.7083740234375,3261.602294921875
2021-10-18,1594.690673828125,3293.844482421875
2021-10-19,1621.38525390625,3282.103515625
2021-10-20,1603.7667236328125,3259.2548828125
2021-10-21,1560.4324951171875,3190.30078125
2021-10-22,1530.3121337890625,3159.910888671875
2021-10-25,1519.4119873046875,3154.581787109375
2021-10-26,1529.4210205078125,3145.234130859375
2021-10-27,1552.08837890625,3151.69189453125
2021-10-28,1529.600830078125,3090.18896484375
2021-10-29,1497.1488037109375,3068.603759765625
2021-11-01,1526.1446533203125,3139.634765625
2021-11-02,1524.214599609375,3146.679443359375
2021-11-03,1528.343994140625,3153.949462890625
2021-11-04,1533.90966796875,3168.7607421875
2021-11-08,1559.763671875,3163.432861328125
2021-11-09,1564.2523193359375,3166.0966796875
2021-11-10,1562.1427001953125,3146.77001953125
2021-11-11,1555.993408203125,3150.2919921875
2021-11-12,1598.095703125,3184.4755859375
2021-11-15,1604.3349609375,3209.086181640625
2021-11-16,1608.958251953125,3211.8857421875
2021-11-17,1604.6041259765625,3180.728271484375
2021-11-18,1597.3778076171875,3139.002685546875
2021-11-22,1579.4234619140625,3123.378662109375
2021-11-23,1559.22509765625,3128.662841796875
2021-11-24,1522.5089111328125,3109.741943359375
2021-11-25,1546.208251953125,3112.089599609375
2021-11-26,1518.6038818359375,3112.947998046875
2021-11-29,1522.8232421875,3162.755859375
2021-11-30,1537.4556884765625,3187.275634765625
2021-12-01,1539.4755859375,3231.212158203125
2021-12-02,1569.4141845703125,3290.005859375
2021-12-03,1558.0133056640625,3287.793212890625
2021-12-06,1521.880615234375,3193.822998046875
2021-12-07,1536.55810546875,3237.263671875
2021-12-08,1573.9923095703125,3275.555908203125
2021-12-09,1583.0592041015625,3252.84228515625
2021-12-10,1579.2886962890625,3284.49658203125
2021-12-13,1566.182373046875,3259.976806640625
2021-12-14,1572.9151611328125,3272.75634765625
2021-12-15,1556.8011474609375,3224.484130859375
2021-12-16,1590.37548828125,3234.644287109375
2021-12-17,1634.58740234375,3237.128173828125
2021-12-20,1614.8829345703125,3212.336669921875
2021-12-21,1626.2838134765625,3258.758056640625
2021-12-22,1638.0435791015625,3279.033203125
2021-12-23,1667.578125,3307.88818359375
2021-12-24,1672.874755859375,3315.293701171875
2021-12-27,1675.25341796875,3338.05224609375
2021-12-28,1694.868408203125,3347.490234375
2021-12-29,1692.6690673828125,3336.788330078125
2021-12-30,1699.2222900390625,3372.05517578125
2021-12-31,1694.64404296875,3376.20947265625
2022-01-03,1704.2493896484375,3447.918212890625
2022-01-04,1704.8778076171875,3508.427490234375
2022-01-05,1655.952880859375,3486.93310546875
2022-01-06,1631.8494873046875,3438.61572265625
2022-01-07,1628.7073974609375,3480.204833984375
2022-01-10,1661.4288330078125,3504.00244140625
2022-01-11,1665.7828369140625,3536.559814453125
2022-01-12,1685.397705078125,3485.98486328125
2022-01-13,1702.768310546875,3520.303955078125
2022-01-14,1731.9886474609375,3583.74853515625
2022-01-17,1741.100341796875,3629.808349609375
2022-01-18,1724.268310546875,3604.0244140625
2022-01-19,1676.0615234375,3541.643798828125
2022-01-20,1637.14599609375,3461.937744140625
2022-01-21,1603.0330810546875,3468.2255859375
2022-01-24,1559.1353759765625,3411.998046875
2022-01-25,1545.9840087890625,3410.685791015625
2022-01-27,1506.888916015625,3301.531982421875
2022-01-28,1513.7115478515625,3338.4453125
2022-01-31,1558.5968017578125,3380.242431640625
2022-02-01,1590.7794189453125,3438.505859375
2022-02-02,1604.2900390625,3488.76318359375
2022-02-03,1560.706298828125,3460.173828125
2022-02-04,1562.9954833984375,3451.39794921875
2022-02-07,1539.5653076171875,3418.91845703125
2022-02-08,1541.630126953125,3386.75634765625
2022-02-09,1559.584228515625,3402.22705078125
2022-02-10,1588.5802001953125,3411.09326171875
2022-02-11,1545.2657470703125,3342.877197265625
2022-02-14,1510.1204833984375,3377.98046875
2022-02-15,1560.43701171875,3454.02197265625
2022-02-16,1555.993408203125,3449.76953125
2022-02-17,1548.3629150390625,3423.623291015625
2022-02-18,1532.3388671875,3432.399169921875
2022-02-21,1553.6593017578125,3364.997802734375
2022-02-22,1556.93603515625,3244.670654296875
2022-02-23,1564.56640625,3224.22412109375
2022-02-24,1506.4849853515625,3077.5244140625
2022-02-25,1521.252197265625,3185.276611328125
2022-02-28,1540.10400390625,3215.5390625
2022-03-02,1528.613525390625,3208.255615234375
2022-03-03,1544.8167724609375,3206.6728515625
2022-03-04,1547.0162353515625,3188.533447265625
2022-03-07,1561.873291015625,3152.841796875
2022-03-08,1596.30029296875,3256.929443359375
2022-03-09,1627.854736328125,3286.46826171875
2022-03-10,1639.1209716796875,3275.9287109375
2022-03-11,1635.619873046875,3256.2060546875
2022-03-14,1697.292236328125,3295.877685546875
2022-03-15,1651.150390625,3251.4560546875
2022-03-16,1696.1253662109375,3307.54833984375
2022-03-17,1664.8848876953125,3322.792724609375
2022-03-21,1663.49365234375,3281.13037109375
2022-03-22,1694.329833984375,3348.3056640625
2022-03-23,1680.8643798828125,3358.664794921875
2022-03-24,1693.701416015625,3392.546630859375
2022-03-25,1684.58984375,3354.186279296875
2022-03-28,1682.210693359375,3354.4130859375
2022-03-29,1693.0731201171875,3352.287109375
2022-03-30,1709.186767578125,3375.990478515625
2022-03-31,1711.790283203125,3383.58984375
2022-04-01,1708.8277587890625,3400.5986328125
2022-04-04,1690.3349609375,3411.09326171875
2022-04-05,1670.72021484375,3451.3076171875
2022-04-06,1641.769287109375,3397.522216796875
2022-04-07,1625.7451171875,3333.1064453125
2022-04-08,1628.976806640625,3334.4638671875
2022-04-11,1585.8421630859375,3344.189208984375
2022-04-12,1564.207275390625,3339.394775390625
2022-04-13,1569.6834716796875,3313.0224609375
2022-04-18,1455.5400390625,3191.88037109375
2022-04-19,1402.2164306640625,3141.08056640625
2022-04-20,1425.2874755859375,3217.89111328125
2022-04-21,1453.2061767578125,3282.89501953125
2022-04-22,1423.267578125,3268.329345703125
2022-04-25,1401.408203125,3210.11083984375
2022-04-26,1419.272705078125,3208.39208984375
2022-04-27,1393.95751953125,3221.8720703125
2022-04-28,1420.708984375,3242.77099609375
2022-04-29,1407.1986083984375,3208.753662109375
2022-05-02,1383.3646240234375,3204.863525390625
2022-05-04,1378.4722900390625,3148.182861328125
2022-05-05,1422.998291015625,3178.62646484375
2022-05-06,1385.025390625,3105.52587890625
2022-05-09,1409.712158203125,3116.83447265625
2022-05-10,1394.1370849609375,3111.089599609375
2022-05-11,1370.5721435546875,3086.888671875
2022-05-12,1354.4583740234375,3083.857421875
2022-05-13,1350.5086669921875,3089.51171875
2022-05-16,1336.773681640625,3055.042724609375
2022-05-17,1363.12109375,3122.715087890625
2022-05-18,1354.8173828125,3120.181884765625
2022-05-19,1281.16064453125,2951.13623046875
2022-05-20,1306.2965087890625,2979.2275390625
2022-05-23,1318.191162109375,3005.23828125
2022-05-24,1293.593994140625,2974.70361328125
2022-05-25,1266.1689453125,2885.125244140625
2022-05-26,1278.2880859375,2939.13623046875
2022-05-27,1311.8623046875,2970.42236328125
2022-05-30,1370.6171875,3074.20947265625
2022-05-31,1364.0850830078125,3064.281494140625
2022-06-01,1341.359619140625,3055.94775390625
2022-06-02,1368.0770263671875,3117.701171875
2022-06-03,1380.5057373046875,3133.321533203125
2022-06-06,1388.0809326171875,3124.941650390625
2022-06-07,1366.8974609375,3062.779052734375
2022-06-08,1360.8192138671875,3100.5322265625
2022-06-09,1374.4273681640625,3121.435546875
2022-06-10,1339.77197265625,3060.228515625
2022-06-13,1292.324951171875,2932.442138671875
2022-06-14,1306.885498046875,2924.199462890625
2022-06-15,1290.2379150390625,2920.32861328125
2022-06-16,1267.5577392578125,2861.763427734375
2022-06-17,1258.576416015625,2813.3994140625
2022-06-20,1282.9349365234375,2834.803466796875
2022-06-21,1315.3677978515625,2925.474609375
2022-06-22,1303.891357421875,2935.493408203125
2022-06-23,1317.6812744140625,3013.68603515625
2022-06-24,1307.3843994140625,2999.386962890625
2022-06-27,1337.776123046875,3019.059814453125
2022-06-28,1342.8111572265625,3022.201904296875
2022-06-29,1327.4791259765625,2997.017578125
2022-06-30,1326.25439453125,2975.705322265625
2022-07-01,1342.1307373046875,3019.42431640625
2022-07-04,1349.932861328125,2946.513916015625
2022-07-05,1339.000732421875,2929.4365234375
2022-07-06,1353.244140625,2969.921875
2022-07-07,1359.639892578125,2994.6044921875
2022-07-08,1373.9285888671875,2974.203369140625
2022-07-11,1336.4605712890625,2836.07861328125
2022-07-12,1305.1163330078125,2809.574462890625
2022-07-13,1310.423583984375,2767.722412109375
2022-07-14,1296.27099609375,2738.5
2022-07-15,1297.6319580078125,2734.709716796875
2022-07-18,1351.656494140625,2797.63037109375
2022-07-19,1346.4400634765625,2807.44677734375
2022-07-20,1374.6995849609375,2890.138671875
2022-07-21,1390.6666259765625,2901.553955078125
2022-07-22,1366.53466796875,2895.801025390625
2022-07-25,1364.0850830078125,2891.919677734375
2022-07-26,1316.501708984375,2845.482421875
2022-07-27,1334.5555419921875,2912.101318359375
2022-07-28,1376.6046142578125,2977.532958984375
2022-07-29,1405.9078369140625,3015.340087890625
2022-08-01,1407.132568359375,3012.509033203125
2022-08-02,1400.3736572265625,3006.116943359375
2022-08-03,1420.7861328125,3049.677001953125
2022-08-04,1451.4498291015625,3063.786376953125
2022-08-05,1466.6456298828125,3073.00927734375
2022-08-08,1469.140380859375,3081.593994140625
2022-08-10,1453.7633056640625,3063.146484375
2022-08-11,1469.6392822265625,3125.4736328125
2022-08-12,1446.1878662109375,3106.341796875
2022-08-16,1448.31982421875,3098.259765625
2022-08-17,1457.2105712890625,3105.93115234375
2022-08-18,1436.072265625,3087.8037109375
2022-08-19,1448.90966796875,3091.9130859375
2022-08-22,1429.449951171875,3063.420654296875
2022-08-23,1399.2850341796875,2999.541259765625
2022-08-24,1394.83984375,2972.830078125
2022-08-25,1377.2852783203125,2938.904052734375
2022-08-26,1380.3697509765625,2942.556884765625
2022-08-29,1326.1182861328125,2860.687744140625
2022-08-30,1354.4234619140625,2932.466064453125
2022-09-01,1328.3409423828125,2859.910888671875
2022-09-02,1318.180419921875,2858.7236328125
2022-09-05,1325.710205078125,2861.462890625
2022-09-06,1320.08544921875,2855.664794921875
2022-09-07,1322.3988037109375,2876.257568359375
2022-09-08,1338.9554443359375,2894.567626953125
2022-09-09,1371.388427734375,2938.402099609375
2022-09-12,1393.6602783203125,2961.50634765625
2022-09-13,1401.598388671875,2949.0859375
2022-09-14,1338.5018310546875,2849.591796875
2022-09-15,1299.8546142578125,2834.934814453125
2022-09-16,1249.2774658203125,2747.586181640625
2022-09-19,1261.298095703125,2765.941650390625
2022-09-20,1259.7103271484375,2776.443115234375
2022-09-21,1249.458740234375,2740.736572265625
2022-09-22,1241.021728515625,2746.398193359375
2022-09-23,1238.753662109375,2723.2490234375
2022-09-26,1252.180419921875,2734.527099609375
2022-09-27,1264.246337890625,2755.576171875
2022-09-28,1265.2899169921875,2772.197021484375
2022-09-29,1268.873291015625,2737.175048828125
2022-09-30,1282.2999267578125,2743.79638671875
2022-10-03,1264.427978515625,2725.896728515625
2022-10-04,1296.7701416015625,2822.88037109375
2022-10-06,1320.1307373046875,2832.7431640625
2022-10-07,1316.5472412109375,2798.90869140625
2022-10-10,1326.934814453125,2847.90234375
2022-10-11,1291.689697265625,2803.155029296875
2022-10-12,1296.1348876953125,2831.6474609375
2022-10-13,1288.151611328125,2833.9755859375
2022-10-14,1337.4583740234375,2830.186279296875
2022-10-17,1351.7017822265625,2849.047119140625
2022-10-18,1364.1759033203125,2879.21533203125
2022-10-19,1347.619384765625,2858.294677734375
2022-10-20,1361.635986328125,2890.75146484375
2022-10-21,1361.27294921875,2872.531494140625
2022-10-24,1377.012939453125,2894.780029296875
2022-10-25,1384.6790771484375,2895.146484375
2022-10-27,1397.6563720703125,2890.843017578125
2022-10-28,1387.843017578125,2896.19921875
2022-10-31,1410.2210693359375,2923.574951171875
2022-11-01,1442.6414794921875,2984.50634765625
2022-11-02,1424.573974609375,2968.026123046875
2022-11-03,1403.892822265625,2936.027099609375
2022-11-04,1388.5308837890625,2945.77783203125
2022-11-07,1382.523681640625,2960.70166015625
2022-11-09,1385.962890625,2944.541748046875
2022-11-10,1377.4794921875,2935.019775390625
2022-11-11,1439.9815673828125,3036.0078125
2022-11-14,1453.9222412109375,3053.908203125
2022-11-15,1461.901123046875,3051.252197265625
2022-11-16,1469.971923828125,3072.08154296875
2022-11-17,1455.84814453125,3066.267578125
2022-11-18,1461.350830078125,3061.186279296875
2022-11-21,1438.2391357421875,3006.297607421875
2022-11-22,1453.69287109375,3035.092529296875
2022-11-23,1451.950439453125,3029.00390625
2022-11-24,1494.734130859375,3094.787841796875
2022-11-25,1500.099365234375,3103.485595703125
2022-11-28,1488.86474609375,3108.61328125
2022-11-29,1494.0465087890625,3110.535888671875
2022-11-30,1499.4573974609375,3104.539306640625
2022-12-01,1519.77197265625,3182.224853515625
2022-12-02,1502.1630859375,3148.806884765625
2022-12-05,1503.8597412109375,3136.67578125
2022-12-06,1479.2347412109375,3099.549072265625
2022-12-07,1472.447998046875,3095.199462890625
2022-12-08,1485.8841552734375,3067.6865234375
2022-12-09,1439.248046875,3014.7666015625
2022-12-12,1418.979248046875,3008.998291015625
2022-12-13,1441.86181640625,3050.794189453125
2022-12-14,1448.5111083984375,3081.237548828125
2022-12-15,1412.834716796875,3026.073486328125
2022-12-16,1396.0513916015625,2966.698974609375
2022-12-19,1382.43212890625,2931.723388671875
2022-12-20,1382.3861083984375,2970.086181640625
2022-12-21,1384.44970703125,2992.610107421875
2022-12-22,1395.913818359375,2984.50634765625
2022-12-23,1373.0313720703125,2955.80322265625
2022-12-26,1377.8922119140625,2978.280517578125
2022-12-27,1389.310546875,2984.323486328125
2022-12-28,1384.9998779296875,2982.1259765625
2022-12-29,1391.78662109375,2992.79248046875
2022-12-30,1383.2115478515625,2981.760009765625
2023-01-02,1397.7022705078125,2986.10888671875
2023-01-03,1396.372314453125,3031.79638671875
2023-01-04,1370.9219970703125,3034.817626953125
2023-01-05,1352.9461669921875,3031.5673828125
2023-01-06,1328.458984375,2940.42138671875
2023-01-09,1361.4295654296875,3039.670166015625
2023-01-10,1347.9478759765625,3008.95263671875
2023-01-11,1349.32373046875,3047.681396484375
2023-01-12,1357.8988037109375,3052.8544921875
2023-01-13,1379.0386962890625,3089.660888671875
2023-01-16,1399.077880859375,3121.96630859375
2023-01-17,1411.9176025390625,3163.494873046875
2023-01-18,1417.32861328125,3174.357177734375
2023-01-19,1411.3673095703125,3158.5322265625
2023-01-20,1399.123779296875,3149.16845703125
2023-01-23,1419.71337890625,3197.67333984375
2023-01-24,1423.2900390625,3217.7119140625
2023-01-25,1415.1275634765625,3211.578125
2023-01-27,1393.2540283203125,3194.06787109375
2023-01-30,1411.275634765625,3215.230224609375
2023-01-31,1406.64404296875,3145.048095703125
2023-02-01,1422.556396484375,3191.53955078125
2023-02-02,1452.50048828125,3240.2783203125
2023-02-03,1466.8536376953125,3260.785888671875
2023-02-06,1439.75244140625,3239.857666015625
2023-02-07,1432.9197998046875,3251.65625
2023-02-08,1458.691162109375,3296.181396484375
2023-02-09,1482.9949951171875,3315.611572265625
2023-02-10,1475.2454833984375,3312.521728515625
2023-02-13,1437.55126953125,3260.87939453125
2023-02-14,1461.2130126953125,3277.45361328125
2023-02-15,1464.6982421875,3296.696044921875
2023-02-16,1469.0546875,3331.717041015625
2023-02-17,1452.54638671875,3278.4365234375
2023-02-20,1460.4794921875,3265.467529296875
2023-02-21,1448.6026611328125,3231.476806640625
2023-02-22,1432.36962890625,3185.1728515625
2023-02-23,1422.189453125,3196.64306640625
2023-02-24,1422.1434326171875,3184.142333984375
2023-02-27,1384.220458984375,3119.90625
2023-02-28,1364.2728271484375,3102.115234375
2023-03-01,1372.068359375,3170.330078125
2023-03-02,1350.149169921875,3110.167724609375
2023-03-03,1356.70654296875,3129.55029296875
2023-03-06,1382.523681640625,3157.361572265625
2023-03-08,1368.9959716796875,3174.73193359375
2023-03-09,1357.7154541015625,3124.587890625
2023-03-10,1349.5987548828125,3119.110595703125
2023-03-13,1316.16943359375,3073.1806640625
2023-03-14,1302.3209228515625,3010.4423828125
2023-03-15,1302.0,2995.4130859375
2023-03-16,1287.738525390625,2982.397705078125
2023-03-17,1302.9627685546875,2977.060302734375
2023-03-20,1287.325927734375,2943.35009765625
2023-03-21,1275.448974609375,2908.5166015625
2023-03-22,1274.119140625,2931.645263671875
2023-03-23,1260.637451171875,2925.88671875
2023-03-24,1266.2318115234375,2922.000244140625
2023-03-27,1273.843994140625,2923.68603515625
2023-03-28,1263.434814453125,2917.69287109375
2023-03-29,1268.8916015625,2939.22998046875
2023-03-31,1309.612060546875,3001.968017578125
2023-04-03,1293.9293212890625,2996.443359375
2023-04-05,1305.5767822265625,3033.71142578125
2023-04-06,1304.0634765625,3015.826171875
2023-04-10,1309.2908935546875,3055.810302734375
2023-04-11,1289.6187744140625,3009.36572265625
2023-04-12,1309.9332275390625,3035.443359375
2023-04-13,1274.0732421875,2986.0029296875
2023-04-17,1154.0213623046875,2939.79150390625
2023-04-18,1154.984375,2931.59814453125
2023-04-19,1130.084228515625,2893.06640625
2023-04-20,1122.013671875,2907.299072265625
2023-04-21,1125.636474609375,2959.78369140625
2023-04-24,1124.6734619140625,2972.84619140625
2023-04-25,1123.389404296875,2973.969970703125
2023-04-26,1125.8197021484375,2994.710693359375
2023-04-27,1142.969970703125,2985.159912109375
2023-04-28,1148.931396484375,3014.468994140625
2023-05-02,1171.5843505859375,3014.609375
2023-05-03,1163.9722900390625,2977.6220703125
2023-05-04,1168.0076904296875,3015.826171875
2023-05-05,1154.755126953125,3025.19091796875
2023-05-08,1160.7164306640625,3043.82470703125
2023-05-09,1165.393798828125,3074.3974609375
2023-05-10,1158.5614013671875,3077.721923828125
2023-05-11,1152.003662109375,3073.367431640625
2023-05-12,1142.007080078125,3066.01708984375
2023-05-15,1154.0672607421875,3047.991455078125
2023-05-16,1159.5242919921875,3050.89404296875
2023-05-17,1143.5662841796875,3004.58984375
2023-05-18,1142.74072265625,2996.302978515625
2023-05-19,1163.7430419921875,3017.840087890625
2023-05-22,1185.6622314453125,3088.864990234375
2023-05-23,1192.3115234375,3087.31982421875
2023-05-24,1191.0274658203125,3093.218994140625
2023-05-25,1196.2550048828125,3083.99560546875
2023-05-26,1208.2694091796875,3117.1435546875
2023-05-29,1205.4722900390625,3109.13720703125
2023-05-30,1214.1390380859375,3105.25146484375
2023-05-31,1209.049072265625,3080.25
2023-06-01,1210.1495361328125,3112.55517578125
2023-06-02,1207.361328125,3095.326171875
2023-06-05,1212.4732666015625,3079.688232421875
2023-06-06,1188.7720947265625,3026.688720703125
2023-06-07,1198.02001953125,3066.578125
2023-06-08,1192.3040771484375,3030.574462890625
2023-06-09,1176.6427001953125,3005.151611328125
2023-06-12,1200.80859375,3040.360107421875
2023-06-13,1212.798583984375,3037.36328125
2023-06-14,1208.6624755859375,3044.245849609375
2023-06-15,1196.02197265625,3034.104736328125
2023-06-16,1200.5296630859375,2995.050537109375
2023-06-19,1202.7139892578125,3028.539306640625
2023-06-20,1211.450927734375,3044.85888671875
2023-06-21,1207.6865234375,3073.631103515625
2023-06-22,1191.1422119140625,3055.047119140625
2023-06-23,1175.759765625,3034.152099609375
2023-06-26,1180.732421875,3008.964599609375
2023-06-27,1188.91162109375,3016.228271484375
2023-06-28,1202.1099853515625,3033.30322265625
2023-06-30,1241.2862548828125,3115.185791015625
2023-07-03,1239.61328125,3086.932861328125
2023-07-04,1250.255615234375,3121.412109375
2023-07-05,1252.25390625,3131.883056640625
2023-07-06,1249.0938720703125,3134.666015625
2023-07-07,1236.3602294921875,3140.656494140625
2023-07-10,1235.3843994140625,3086.60205078125
2023-07-11,1253.462158203125,3087.026611328125
2023-07-12,1239.2415771484375,3075.234619140625
2023-07-13,1268.7982177734375,3151.316650390625
2023-07-14,1325.35546875,3315.553955078125
2023-07-17,1322.5670166015625,3293.904052734375
2023-07-18,1371.1309814453125,3298.76220703125
2023-07-19,1370.898681640625,3273.480712890625
2023-07-20,1347.244140625,3275.608642578125
2023-07-21,1237.661376953125,3185.7568359375
2023-07-24,1242.308837890625,3210.7734375
2023-07-25,1240.4498291015625,3214.935302734375
2023-07-26,1253.694580078125,3204.673583984375
2023-07-27,1257.69140625,3212.80712890625
2023-07-28,1245.9337158203125,3173.555908203125
2023-07-31,1260.0611572265625,3236.026611328125
2023-08-01,1268.89111328125,3264.96826171875
2023-08-02,1261.130126953125,3254.18603515625
2023-08-03,1268.0546875,3215.69189453125
2023-08-04,1281.1134033203125,3256.92919921875
2023-08-07,1294.7298583984375,3295.234375
2023-08-08,1292.1275634765625,3282.51318359375
2023-08-09,1296.0311279296875,3274.85205078125
2023-08-10,1291.1051025390625,3255.5576171875
2023-08-11,1275.0718994140625,3261.89453125
2023-08-14,1295.2412109375,3262.88720703125
2023-08-16,1318.43115234375,3270.97412109375
2023-08-17,1311.9713134765625,3249.551513671875
2023-08-18,1290.8262939453125,3184.6220703125
2023-08-21,1306.2552490234375,3217.29931640625
2023-08-22,1304.7216796875,3198.856689453125
2023-08-23,1308.6253662109375,3214.083984375
2023-08-24,1323.1712646484375,3204.153076171875
2023-08-25,1319.918212890625,3198.052490234375
2023-08-28,1315.7822265625,3192.614013671875
2023-08-29,1317.64111328125,3193.181396484375
2023-08-30,1333.9066162109375,3207.179443359375
2023-08-31,1334.185302734375,3174.880615234375
2023-09-01,1341.9927978515625,3196.06640625
2023-09-04,1361.74365234375,3233.236572265625
2023-09-05,1374.570068359375,3243.49853515625
2023-09-06,1373.222412109375,3244.018798828125
2023-09-07,1362.7659912109375,3267.994873046875
2023-09-08,1365.9261474609375,3255.368408203125
2023-09-11,1372.2928466796875,3292.018310546875
2023-09-12,1395.2041015625,3386.74072265625
2023-09-13,1392.64794921875,3374.492919921875
2023-09-14,1400.6412353515625,3367.115234375
2023-09-15,1404.96337890625,3403.29248046875
2023-09-18,1386.5601806640625,3410.717041015625
2023-09-20,1385.1195068359375,3410.622314453125
2023-09-21,1395.8082275390625,3390.9970703125
2023-09-22,1390.6031494140625,3408.3525390625
2023-09-25,1370.1552734375,3383.28857421875
2023-09-26,1357.6075439453125,3391.375
2023-09-27,1363.5096435546875,3394.780029296875
2023-09-28,1337.9031982421875,3345.078369140625
2023-09-29,1334.185302734375,3337.3701171875
2023-10-03,1332.837646484375,3323.419189453125
2023-10-04,1342.4573974609375,3346.02392578125
2023-10-05,1360.2100830078125,3394.827392578125
2023-10-06,1374.3841552734375,3425.140625
2023-10-09,1371.3634033203125,3441.171875
2023-10-10,1389.673828125,3432.234130859375
2023-10-11,1388.9765625,3414.263671875
2023-10-12,1362.1153564453125,3350.563720703125
2023-10-13,1330.1885986328125,3377.330078125
2023-10-16,1332.97705078125,3333.06640625
2023-10-17,1340.6915283203125,3316.988037109375
2023-10-18,1338.925537109375,3298.26025390625
2023-10-19,1332.5123291015625,3276.830078125
2023-10-20,1326.563720703125,3313.71728515625
2023-10-23,1309.27587890625,3233.6845703125
2023-10-25,1289.88134765625,3214.67236328125
2023-10-26,1279.901611328125,3164.08251953125
2023-10-27,1299.57861328125,3177.548095703125
2023-10-30,1296.4718017578125,3203.719970703125
2023-10-31,1288.3277587890625,3194.427001953125
2023-11-01,1274.9117431640625,3158.29833984375
2023-11-02,1289.9754638671875,3186.22509765625
2023-11-03,1307.76953125,3177.500244140625
2023-11-06,1321.185791015625,3205.33203125
2023-11-07,1322.127197265625,3196.03857421875
2023-11-08,1309.60546875,3206.564453125
2023-11-09,1294.353515625,3174.229248046875
2023-11-10,1288.75146484375,3160.95361328125
2023-11-13,1293.1763916015625,3159.152099609375
2023-11-15,1327.96435546875,3228.1376953125
2023-11-16,1360.3515625,3316.846435546875
2023-11-17,1353.4315185546875,3321.208740234375
2023-11-20,1352.5369873046875,3337.47119140625
2023-11-21,1354.796630859375,3328.557373046875
2023-11-22,1372.49658203125,3347.474853515625
2023-11-23,1364.4468994140625,3326.708251953125
2023-11-24,1353.29052734375,3278.205322265625
2023-11-28,1358.280029296875,3290.579833984375
2023-11-29,1374.1912841796875,3331.923583984375
2023-11-30,1370.001708984375,3307.126953125
2023-12-01,1367.3184814453125,3329.93212890625
2023-12-04,1378.6632080078125,3330.69091796875
2023-12-05,1368.871826171875,3348.849853515625
2023-12-06,1388.0311279296875,3417.59814453125
2023-12-07,1380.1226806640625,3427.83935546875
2023-12-08,1403.895263671875,3439.02880859375
2023-12-11,1401.400146484375,3454.390625
2023-12-12,1389.6787109375,3482.07958984375
2023-12-13,1364.2115478515625,3407.59423828125
2023-12-14,1413.5924072265625,3477.48046875
2023-12-15,1486.0396728515625,3661.20458984375
2023-12-18,1472.811767578125,3659.497314453125
2023-12-19,1467.115966796875,3618.722412109375
2023-12-20,1446.497314453125,3584.443115234375
2023-12-21,1446.1207275390625,3591.507568359375
2023-12-22,1471.4466552734375,3626.119140625
2023-12-26,1453.60546875,3599.14111328125
2023-12-27,1475.40087890625,3613.9814453125
2023-12-28,1471.2113037109375,3603.265869140625
2023-12-29,1452.6170654296875,3597.1025390625
2024-01-01,1460.572509765625,3613.886962890625
2024-01-02,1444.6143798828125,3587.43017578125
2024-01-03,1402.8126220703125,3500.712646484375
2024-01-04,1424.1839599609375,3477.053466796875
2024-01-05,1442.87255859375,3544.474853515625
2024-01-08,1433.6932373046875,3487.958984375
2024-01-09,1439.8128662109375,3498.9580078125
2024-01-10,1430.962890625,3520.910400390625
2024-01-11,1406.7666015625,3542.245849609375
2024-01-12,1518.379638671875,3681.876708984375
2024-01-15,1555.4271240234375,3701.789794921875
2024-01-16,1536.07958984375,3661.489013671875
2024-01-17,1544.223388671875,3683.583251953125
2024-01-18,1546.4830322265625,3700.651611328125
2024-01-19,1562.1114501953125,3765.05712890625
2024-01-23,1546.0594482421875,3684.0849609375
2024-01-24,1577.3636474609375,3668.37744140625
2024-01-25,1571.4322509765625,3638.29931640625
2024-01-29,1559.663818359375,3629.419189453125
2024-01-30,1554.8150634765625,3628.989501953125
2024-01-31,1563.712158203125,3643.69482421875
2024-02-01,1560.0875244140625,3680.170166015625
2024-02-02,1594.2633056640625,3787.257568359375
2024-02-05,1588.4732666015625,3793.941650390625
2024-02-06,1628.2508544921875,3949.297607421875
2024-02-07,1594.6400146484375,3899.07177734375
2024-02-08,1593.08642578125,3947.48291015625
2024-02-09,1571.667724609375,3947.100830078125
2024-02-12,1581.7886962890625,3934.68798828125
2024-02-13,1585.978271484375,3962.187255859375
2024-02-14,1568.7021484375,3915.017822265625
2024-02-15,1578.258056640625,3917.977783203125
2024-02-16,1602.0777587890625,3941.944580078125
2024-02-19,1600.288818359375,3918.550537109375
2024-02-20,1586.6373291015625,3848.702392578125
2024-02-21,1558.67529296875,3811.3203125
2024-02-22,1582.9654541015625,3902.604736328125
2024-02-23,1578.728759765625,3869.184326171875
2024-02-26,1563.006103515625,3820.438720703125
2024-02-27,1566.254150390625,3919.12353515625
2024-02-28,1573.4566650390625,3933.01708984375
2024-02-29,1575.951416015625,3910.243408203125
2024-03-01,1557.875,3909.52734375
2024-03-04,1541.39892578125,3896.493896484375
2024-03-05,1512.495361328125,3830.990234375
2024-03-06,1522.8988037109375,3880.833740234375
2024-03-07,1521.8631591796875,3923.1337890625
2024-03-11,1506.940673828125,3936.263427734375
2024-03-12,1518.5679931640625,4003.008056640625
2024-03-13,1517.108642578125,3961.71044921875
2024-03-14,1556.5570068359375,4017.665283203125
2024-03-15,1538.38623046875,4028.78955078125
2024-03-18,1508.8707275390625,3965.052001953125
2024-03-19,1470.08154296875,3797.760986328125
2024-03-20,1463.9617919921875,3791.64990234375
2024-03-21,1463.7264404296875,3793.607421875
2024-03-22,1420.559326171875,3734.358154296875
2024-03-26,1405.307373046875,3702.46630859375
2024-03-27,1397.0223388671875,3667.518310546875
2024-03-28,1410.391357421875,3701.3203125
2024-04-01,1407.9434814453125,3739.9443359375
2024-04-02,1396.0806884765625,3708.481689453125
2024-04-03,1394.009521484375,3769.115478515625
2024-04-04,1399.70556640625,3822.58740234375
2024-04-05,1392.5501708984375,3799.622802734375
2024-04-08,1390.2906494140625,3793.225341796875
2024-04-09,1407.3785400390625,3768.3994140625
2024-04-10,1418.62939453125,3804.77880859375
2024-04-12,1397.86962890625,3820.77294921875
2024-04-15,1382.2410888671875,3763.29052734375
2024-04-16,1331.68310546875,3697.978271484375
2024-04-18,1336.202392578125,3687.666015625
2024-04-19,1328.67041015625,3653.481689453125
2024-04-22,1348.9122314453125,3690.1484375
2024-04-23,1357.997802734375,3699.79248046875
2024-04-24,1347.0294189453125,3658.11279296875
2024-04-25,1354.27880859375,3678.30810546875
2024-04-26,1346.5587158203125,3648.85107421875
2024-04-29,1350.7952880859375,3695.495361328125
2024-04-30,1337.42626953125,3648.18212890625
2024-05-02,1331.68310546875,3688.9072265625
2024-05-03,1333.425048828125,3669.905517578125
2024-05-06,1342.4632568359375,3744.050048828125
2024-05-07,1356.6324462890625,3799.336669921875
2024-05-08,1343.7813720703125,3797.427001953125
2024-05-09,1355.314453125,3781.43310546875
2024-05-10,1341.521728515625,3718.125732421875
2024-05-13,1340.156494140625,3769.5927734375
2024-05-14,1341.33349609375,3725.095947265625
2024-05-15,1336.861328125,3705.23486328125
2024-05-16,1368.30712890625,3751.93017578125
2024-05-17,1359.78662109375,3687.634521484375
2024-05-21,1350.2303466796875,3674.264892578125
2024-05-22,1369.672119140625,3685.614501953125
2024-05-23,1386.2423095703125,3744.716796875
2024-05-24,1379.3695068359375,3702.44580078125
2024-05-27,1385.253662109375,3700.08984375
2024-05-28,1381.205322265625,3693.21240234375
2024-05-29,1366.04736328125,3658.347412109375
2024-05-30,1343.9224853515625,3593.3779296875
2024-05-31,1351.0770263671875,3530.716552734375
2024-06-03,1350.11669921875,3561.398193359375
2024-06-04,1338.3526611328125,3573.083740234375
2024-06-05,1373.3564453125,3603.33251953125
2024-06-06,1413.833984375,3684.075439453125
2024-06-07,1472.749755859375,3745.19775390625
2024-06-10,1440.2427978515625,3711.29443359375
2024-06-11,1436.4014892578125,3704.946533203125
2024-06-12,1426.2701416015625,3685.277587890625
2024-06-13,1434.6728515625,3730.00146484375
2024-06-14,1429.8233642578125,3685.66259765625
2024-06-18,1438.7542724609375,3669.360107421875
2024-06-19,1451.382568359375,3656.471923828125
2024-06-20,1455.27197265625,3642.573974609375
2024-06-21,1471.885498046875,3665.176025390625
2024-06-24,1466.5556640625,3670.9951171875
2024-06-25,1480.7684326171875,3691.81787109375
2024-06-26,1479.568115234375,3708.553466796875
2024-06-27,1510.922607421875,3783.862060546875
2024-06-28,1504.5843505859375,3755.008056640625
2024-07-01,1527.68017578125,3826.229248046875
2024-07-02,1556.7301025390625,3863.93212890625
2024-07-03,1562.8280029296875,3813.774169921875
2024-07-04,1585.155517578125,3867.346435546875
2024-07-05,1582.082275390625,3858.5458984375
2024-07-08,1595.718994140625,3840.65673828125
2024-07-09,1591.3975830078125,3833.250244140625
2024-07-10,1582.8507080078125,3759.817626953125
2024-07-11,1587.1240234375,3773.8115234375
2024-07-12,1643.8311767578125,4024.1201171875
2024-07-15,1639.317626953125,4009.933349609375
2024-07-16,1657.563720703125,4018.82958984375
2024-07-18,1688.2940673828125,4150.69287109375
2024-07-19,1721.8092041015625,4147.65576171875
2024-07-22,1738.9990234375,4133.1474609375
2024-07-23,1764.015380859375,4147.607421875
2024-07-24,1761.182373046875,4151.3671875
2024-07-25,1752.4434814453125,4167.03271484375
2024-07-26,1804.3489990234375,4230.0322265625
2024-07-29,1796.8583984375,4223.52490234375
2024-07-30,1802.66845703125,4208.341796875
2024-07-31,1794.121337890625,4227.62255859375
2024-08-01,1779.092529296875,4238.94970703125
2024-08-02,1748.9383544921875,4129.0009765625
2024-08-05,1682.3880615234375,4005.605224609375
2024-08-06,1681.619873046875,4021.174560546875
2024-08-07,1720.5609130859375,4049.372314453125
2024-08-08,1673.9853515625,4022.475341796875
2024-08-09,1700.4901123046875,4076.654541015625
2024-08-12,1726.082763671875,4044.7451171875
2024-08-13,1726.130615234375,4045.99853515625
2024-08-14,1750.906982421875,4140.7626953125
2024-08-16,1785.1904296875,4257.2177734375
2024-08-19,1790.8084716796875,4328.5078125
2024-08-20,1797.9146728515625,4360.61083984375
2024-08-21,1798.3948974609375,4387.79638671875
2024-08-22,1805.6453857421875,4340.076171875
2024-08-23,1788.215576171875,4303.3466796875
2024-08-26,1801.7081298828125,4340.51025390625
2024-08-27,1824.707763671875,4335.40087890625
2024-08-28,1862.1602783203125,4343.98046875
2024-08-29,1856.6385498046875,4349.5244140625
2024-08-30,1866.5777587890625,4389.9658203125
2024-09-02,1886.5526123046875,4358.44140625
2024-09-03,1864.2249755859375,4350.0546875
2024-09-04,1846.1708984375,4318.1455078125
2024-09-05,1856.4464111328125,4314.9638671875
2024-09-06,1826.3883056640625,4296.45458984375
2024-09-09,1819.4739990234375,4289.51318359375
2024-09-10,1836.423828125,4345.71630859375
2024-09-11,1834.35888671875,4318.2412109375
2024-09-12,1873.06005859375,4355.21240234375
2024-09-13,1866.9619140625,4359.935546875
2024-09-16,1872.867919921875,4350.921875
2024-09-17,1875.07666015625,4343.595703125
2024-09-18,1817.0732421875,4189.83203125
2024-09-19,1819.041748046875,4141.63037109375
2024-09-20,1830.1336669921875,4130.78466796875
2024-09-23,1821.2025146484375,4114.97509765625
2024-09-24,1823.2672119140625,4117.673828125
2024-09-25,1820.0982666015625,4120.99951171875
2024-09-26,1824.8516845703125,4138.1123046875
2024-09-27,1831.093994140625,4153.7294921875
2024-09-30,1801.179931640625,4114.97509765625
2024-10-01,1828.7890625,4133.677734375
2024-10-03,1818.273681640625,4080.510498046875
2024-10-04,1842.04150390625,4099.3095703125
2024-10-07,1857.55078125,4119.1689453125
2024-10-08,1871.2354736328125,4100.2734375
2024-10-09,1875.2686767578125,4099.984375
2024-10-10,1842.8577880859375,4075.35302734375
2024-10-11,1858.3189697265625,3999.965576171875
2024-10-14,1881.1746826171875,3987.866943359375
2024-10-15,1881.558837890625,3968.730712890625
2024-10-16,1843.9141845703125,3947.6669921875
2024-10-17,1890.0096435546875,3961.21142578125
2024-10-18,1805.0211181640625,3984.453125
2024-10-21,1779.2364501953125,3942.705322265625
2024-10-22,1778.132080078125,3880.5185546875
2024-10-23,1799.067138671875,3929.5625
2024-10-24,1789.4158935546875,3911.829345703125
2024-10-25,1788.1676025390625,3921.15478515625
2024-10-28,1791.3365478515625,3953.335693359375
2024-10-29,1786.4317626953125,3938.259765625
2024-10-30,1750.3009033203125,3947.343994140625
2024-10-31,1706.7401123046875,3835.050048828125
2024-11-01,1710.236572265625,3850.270751953125
2024-11-04,1712.956298828125,3830.894775390625
2024-11-05,1703.77783203125,3837.8525390625
2024-11-06,1771.280029296875,4000.494873046875
2024-11-07,1751.2237548828125,4011.366943359375
2024-11-08,1777.350341796875,4007.597900390625
2024-11-11,1806.6337890625,4057.560546875
2024-11-12,1815.0838623046875,4056.303466796875
2024-11-13,1814.6953125,4010.83544921875
2024-11-14,1810.9560546875,4006.534912109375
2024-11-18,1759.3822021484375,3884.384033203125
2024-11-19,1772.300048828125,3903.76025390625
2024-11-21,1781.3326416015625,3935.9404296875
2024-11-22,1847.572265625,4101.91748046875
2024-11-25,1835.3829345703125,4170.04736328125
2024-11-26,1868.8428955078125,4206.3837890625
2024-11-27,1869.182861328125,4186.91064453125
2024-11-28,1803.282958984375,4102.20703125
2024-11-29,1804.448486328125,4127.28515625
2024-12-02,1825.7677001953125,4132.8896484375
2024-12-03,1837.714111328125,4158.11279296875
2024-12-04,1834.946044921875,4208.0263671875
2024-12-05,1879.2352294921875,4313.990234375
2024-12-06,1867.1431884765625,4296.06396484375
2024-12-09,1868.3572998046875,4302.49072265625
2024-12-10,1892.54150390625,4283.54833984375
2024-12-11,1917.4056396484375,4278.6201171875
2024-12-12,1929.8863525390625,4305.19677734375
2024-12-13,1942.22119140625,4323.50927734375
2024-12-16,1923.1361083984375,4266.78271484375
2024-12-17,1919.78515625,4182.99658203125
2024-12-18,1922.261962890625,4201.69677734375
2024-12-19,1890.2589111328125,4128.29931640625
2024-12-20,1866.900390625,4030.114501953125
2024-12-23,1868.988525390625,4018.517822265625
2024-12-24,1854.1768798828125,4039.005615234375
2024-12-26,1852.5743408203125,4028.955078125
2024-12-27,1861.655517578125,4024.84814453125
2024-12-30,1851.214599609375,4019.00146484375
