Date,ONGC.NS,RELIANCE.NS
2018-01-01,123.11360168457031,401.86480712890625
2018-01-02,125.99381256103516,402.4831848144531
2018-01-03,123.81766510009766,404.0955505371094
2018-01-04,127.68994903564453,406.5250549316406
2018-01-05,127.01791381835938,407.82818603515625
2018-01-08,126.34585571289062,410.1693420410156
2018-01-09,126.08982849121094,415.64678955078125
2018-01-10,126.66588592529297,416.2652282714844
2018-01-11,126.66588592529297,414.2332763671875
2018-01-12,128.49002075195312,419.2027282714844
2018-01-15,125.83381652832031,419.2689514160156
2018-01-16,126.21782684326172,407.6956787109375
2018-01-17,125.25772857666016,408.3803405761719
2018-01-18,124.23367309570312,406.260009765625
2018-01-19,123.97769165039062,411.38409423828125
2018-01-22,128.45802307128906,429.1417236328125
2018-01-23,132.71437072753906,434.33203125
2018-01-24,134.9545440673828,426.86676025390625
2018-01-25,133.45040893554688,426.6679992675781
2018-01-29,131.3062286376953,426.0495910644531
2018-01-30,131.08221435546875,419.8211669921875
2018-01-31,130.2181396484375,424.63604736328125
2018-02-01,124.74571228027344,416.9278564453125
2018-02-02,123.3376235961914,399.47943115234375
2018-02-05,120.80941772460938,398.50762939453125
2018-02-06,118.69723510742188,394.0682678222656
2018-02-07,121.60945129394531,395.084228515625
2018-02-08,120.77742767333984,399.56781005859375
2018-02-09,119.91334533691406,396.60821533203125
2018-02-12,122.2495346069336,404.4047546386719
2018-02-14,118.88929748535156,412.42218017578125
2018-02-15,120.52142333984375,413.3056640625
2018-02-16,119.62529754638672,406.9668273925781
2018-02-19,118.60124969482422,409.48468017578125
2018-02-20,119.68932342529297,406.87841796875
2018-02-21,121.70549774169922,410.5227355957031
2018-02-22,119.11328887939453,408.3140869140625
2018-02-23,121.48147583007812,412.6872253417969
2018-02-26,121.83352661132812,414.6529235839844
2018-02-27,120.64942169189453,419.8653564453125
2018-02-28,120.52142333984375,421.65435791015625
2018-03-01,121.41746520996094,418.93768310546875
2018-03-05,118.76126098632812,408.2036437988281
2018-03-06,118.6652603149414,402.3507080078125
2018-03-07,116.16905975341797,393.03021240234375
2018-03-08,115.30500030517578,402.61572265625
2018-03-09,115.14497375488281,403.3446350097656
2018-03-12,117.67317962646484,410.9423828125
2018-03-13,118.96912384033203,411.6270446777344
2018-03-14,117.02520751953125,410.39019775390625
2018-03-15,116.830810546875,402.7703552246094
2018-03-16,114.78968811035156,397.58001708984375
2018-03-19,114.59527587890625,395.57012939453125
2018-03-20,112.81329345703125,393.05224609375
2018-03-21,113.75291442871094,396.1885681152344
2018-03-22,115.92364501953125,401.1580505371094
2018-03-23,114.95165252685547,394.8633728027344
2018-03-26,115.92364501953125,398.0438232421875
2018-03-27,116.37720489501953,397.46954345703125
2018-03-28,115.21086120605469,389.9159851074219
2018-04-02,116.60401153564453,394.4437255859375
2018-04-03,115.01647186279297,397.359130859375
2018-04-04,113.65567779541016,395.3050842285156
2018-04-05,114.9840316772461,401.18011474609375
2018-04-06,114.66006469726562,402.4169921875
2018-04-09,115.5996322631836,404.6256408691406
2018-04-10,116.7659912109375,405.0894470214844
2018-04-11,118.02957153320312,411.185302734375
2018-04-12,117.7704086303711,410.235595703125
2018-04-13,118.25634765625,414.7191467285156
2018-04-16,117.60836029052734,413.9240417480469
2018-04-17,117.15480041503906,417.1045227050781
2018-04-18,117.99718475341797,414.3437194824219
2018-04-19,119.19591522216797,416.2431640625
2018-04-20,118.15914154052734,409.8822326660156
2018-04-23,117.31678771972656,413.460205078125
2018-04-24,118.35354614257812,428.5011901855469
2018-04-25,116.27999114990234,428.70001220703125
2018-04-26,117.15480041503906,430.84234619140625
2018-04-27,117.09001159667969,440.09661865234375
2018-04-30,116.9927978515625,425.51947021484375
2018-05-02,116.6688003540039,429.6717529296875
2018-05-03,117.34921264648438,424.7685852050781
2018-05-04,116.79839324951172,421.3893737792969
2018-05-07,119.16354370117188,428.92083740234375
2018-05-08,118.64515686035156,427.19805908203125
2018-05-09,118.48314666748047,431.4386901855469
2018-05-10,121.98223114013672,433.4044189453125
2018-05-11,121.49626922607422,436.982421875
2018-05-14,121.33425903320312,435.81182861328125
2018-05-15,122.4682388305664,432.4326171875
2018-05-16,120.65387725830078,422.361083984375
2018-05-17,122.20903015136719,417.5904235839844
2018-05-18,119.90872192382812,412.510498046875
2018-05-21,120.36226654052734,411.4062194824219
2018-05-22,120.00590515136719,409.374267578125
2018-05-23,113.65567779541016,402.9691467285156
2018-05-24,108.666259765625,404.55938720703125
2018-05-25,113.68810272216797,406.74591064453125
2018-05-28,113.78528594970703,406.5692138671875
2018-05-29,113.75291442871094,405.26611328125
2018-05-30,112.74854278564453,404.6697998046875
2018-05-31,115.27565002441406,406.9888610839844
2018-06-01,112.23013305664062,411.0528259277344
2018-06-04,110.8694076538086,415.6026306152344
2018-06-05,110.9341812133789,418.6064147949219
2018-06-06,110.35099029541016,421.5881042480469
2018-06-07,111.87377166748047,429.075439453125
2018-06-08,112.55413818359375,434.81793212890625
2018-06-11,112.29492950439453,434.0670166015625
2018-06-12,111.06378936767578,440.47210693359375
2018-06-13,110.15662384033203,442.8352966308594
2018-06-14,109.18465423583984,445.2427978515625
2018-06-15,107.20829772949219,448.0035705566406
2018-06-18,106.65750885009766,448.5999450683594
2018-06-19,106.7870864868164,439.9862060546875
2018-06-20,105.45874786376953,450.23431396484375
2018-06-21,103.48240661621094,455.8443298339844
2018-06-22,103.3852310180664,447.252685546875
2018-06-25,101.50606536865234,443.69671630859375
2018-06-26,102.57524108886719,432.4326171875
2018-06-27,101.24688720703125,429.4979248046875
2018-06-28,99.46495819091797,420.2039794921875
2018-06-29,102.64004516601562,432.43280029296875
2018-07-02,100.7608871459961,427.1633605957031
2018-07-03,102.18647003173828,431.92144775390625
2018-07-04,101.08489227294922,440.281494140625
2018-07-05,101.34407806396484,428.8976135253906
2018-07-06,100.72850036621094,434.7007751464844
2018-07-09,101.9920425415039,443.39422607421875
2018-07-10,102.34844207763672,456.1122741699219
2018-07-11,102.4456558227539,461.9375915527344
2018-07-12,102.99642181396484,481.30352783203125
2018-07-13,99.85372924804688,489.0632629394531
2018-07-16,99.65936279296875,478.5687561035156
2018-07-17,101.18209838867188,485.75042724609375
2018-07-18,103.87118530273438,485.8393859863281
2018-07-19,104.8107681274414,491.3089599609375
2018-07-20,102.34844207763672,501.8924255371094
2018-07-23,101.4412612915039,498.17926025390625
2018-07-24,101.86246490478516,494.02154541015625
2018-07-25,103.06124877929688,495.8891906738281
2018-07-26,105.32914733886719,493.88812255859375
2018-07-27,104.51917266845703,502.4260559082031
2018-07-30,106.33352661132812,512.0089721679688
2018-07-31,107.37029266357422,527.39501953125
2018-08-01,108.34226989746094,530.2188110351562
2018-08-02,107.82388305664062,519.54638671875
2018-08-03,108.08309936523438,523.3707275390625
2018-08-06,109.6706314086914,530.3300170898438
2018-08-07,108.5690689086914,526.5946655273438
2018-08-08,111.77653503417969,541.4915161132812
2018-08-09,109.44383239746094,541.6027221679688
2018-08-10,109.6706314086914,535.4882202148438
2018-08-13,107.59708404541016,528.1510009765625
2018-08-14,107.72667694091797,538.3343505859375
2018-08-16,106.560302734375,533.976318359375
2018-08-17,105.65316009521484,535.2882080078125
2018-08-20,109.31424713134766,549.1400756835938
2018-08-21,110.28621673583984,554.6098022460938
2018-08-23,111.38777160644531,564.5040283203125
2018-08-24,113.23450469970703,568.0836791992188
2018-08-27,114.07688903808594,574.3092651367188
2018-08-28,113.13728332519531,586.5380859375
2018-08-29,114.69246673583984,575.5098876953125
2018-08-30,114.9840316772461,566.7273559570312
2018-08-31,116.6688003540039,552.1417236328125
2018-09-03,114.88687896728516,546.5831909179688
2018-09-04,112.97534942626953,552.275146484375
2018-09-05,112.55413818359375,545.6270751953125
2018-09-06,113.072509765625,560.9241943359375
2018-09-07,111.38777160644531,568.5726928710938
2018-09-10,109.28182220458984,558.4562377929688
2018-09-11,108.73106384277344,550.38525390625
2018-09-12,109.18465423583984,556.9666137695312
2018-09-14,111.80894470214844,557.2556762695312
2018-09-17,111.25817108154297,545.137939453125
2018-09-18,112.6837158203125,541.2468872070312
2018-09-19,115.58979034423828,538.4009399414062
2018-09-21,117.81016540527344,541.4026489257812
2018-09-24,117.94078826904297,547.8726806640625
2018-09-25,119.05097961425781,547.2279663085938
2018-09-26,117.94078826904297,556.4773559570312
2018-09-27,114.8061294555664,557.5224609375
2018-09-28,115.72039794921875,559.3900756835938
2018-10-01,116.89590454101562,547.7171020507812
2018-10-03,118.4958724975586,535.8885498046875
2018-10-04,112.58576202392578,499.0465087890625
2018-10-05,96.03095245361328,466.4066467285156
2018-10-08,97.82684326171875,493.332275390625
2018-10-09,95.76974487304688,484.7276611328125
2018-10-10,97.0431900024414,490.08612060546875
2018-10-11,99.88396453857422,483.7271423339844
2018-10-12,102.79000854492188,500.9585876464844
2018-10-15,104.58589935302734,506.8285217285156
2018-10-16,108.14501953125,517.5230712890625
2018-10-17,105.85935974121094,511.96453857421875
2018-10-19,104.78182220458984,489.7303466796875
2018-10-22,101.84312438964844,472.5433044433594
2018-10-23,101.4839096069336,469.0080871582031
2018-10-24,103.01858520507812,465.0281982421875
2018-10-25,101.45130157470703,458.380126953125
2018-10-26,99.1329574584961,464.650146484375
2018-10-29,101.15737915039062,483.7271423339844
2018-10-30,99.88396453857422,470.0308837890625
2018-10-31,100.07987976074219,471.9207458496094
2018-11-01,100.73294067382812,469.69732666015625
2018-11-02,102.75737762451172,477.99066162109375
2018-11-05,101.1900634765625,484.8388671875
2018-11-06,101.90841674804688,490.9754943847656
2018-11-07,102.52880096435547,493.9103088378906
2018-11-09,102.13697052001953,486.2395324707031
2018-11-12,101.90841674804688,480.2585754394531
2018-11-13,102.20228576660156,488.9076843261719
2018-11-14,105.14099884033203,488.2406921386719
2018-11-15,103.7369613647461,487.75152587890625
2018-11-16,102.10433959960938,501.3365783691406
2018-11-19,100.92884063720703,511.3864440917969
2018-11-20,99.98193359375,505.7834167480469
2018-11-21,99.10029602050781,494.888671875
2018-11-22,99.42682647705078,490.4195861816406
2018-11-26,95.73709869384766,493.48785400390625
2018-11-27,95.41056060791016,501.69232177734375
2018-11-28,93.2555160522461,512.5648803710938
2018-11-29,91.81878662109375,519.6130981445312
2018-11-30,91.62287902832031,519.1906127929688
2018-12-03,93.0595932006836,514.2546997070312
2018-12-04,95.44322204589844,512.4091186523438
2018-12-05,93.8432388305664,513.6765747070312
2018-12-06,91.52491760253906,499.6690673828125
2018-12-07,91.03512573242188,504.1824951171875
2018-12-10,89.53312683105469,484.81658935546875
2018-12-11,90.1861801147461,488.06280517578125
2018-12-12,92.53713989257812,493.8214111328125
2018-12-13,93.58202362060547,492.2872619628906
2018-12-14,95.90034484863281,494.5773620605469
2018-12-17,96.81462860107422,502.44830322265625
2018-12-18,96.39012908935547,505.3387451171875
2018-12-19,96.81462860107422,505.5166015625
2018-12-20,97.0431900024414,501.8035583496094
2018-12-21,96.97789001464844,489.2411804199219
2018-12-24,96.5860595703125,484.32745361328125
2018-12-26,95.73709869384766,488.41851806640625
2018-12-27,97.76153564453125,498.1348571777344
2018-12-28,98.28398895263672,500.513916015625
2018-12-31,97.89215087890625,498.6017761230469
2019-01-01,96.97789001464844,498.4906005859375
2019-01-02,96.03095245361328,491.99822998046875
2019-01-03,92.99427795410156,485.92828369140625
2019-01-04,95.14932250976562,488.55194091796875
2019-01-07,96.55340576171875,491.2644958496094
2019-01-08,96.29218292236328,491.22003173828125
2019-01-09,94.88812255859375,493.9326171875
2019-01-10,93.54938507080078,492.4874267578125
2019-01-11,94.4636459350586,488.2851257324219
2019-01-14,93.67997741699219,487.729248046875
2019-01-15,94.79016876220703,502.3371276855469
2019-01-16,95.57382202148438,505.116455078125
2019-01-17,94.69221496582031,504.4716491699219
2019-01-18,95.83503723144531,526.661376953125
2019-01-21,94.49628448486328,550.38525390625
2019-01-22,94.2677230834961,549.251220703125
2019-01-23,93.58202362060547,545.3157958984375
2019-01-24,92.53713989257812,554.720947265625
2019-01-25,92.73306274414062,554.0761108398438
2019-01-28,92.5044937133789,546.760986328125
2019-01-29,92.11268615722656,538.3565673828125
2019-01-30,91.23104095458984,531.7085571289062
2019-01-31,92.24327850341797,545.6937866210938
2019-02-01,92.60245513916016,555.8325805664062
2019-02-04,95.50852966308594,574.0423583984375
2019-02-05,93.35346984863281,574.3313598632812
2019-02-06,95.80238342285156,582.6470947265625
2019-02-07,96.5860595703125,573.820068359375
2019-02-08,94.1371078491211,568.172607421875
2019-02-11,90.25148010253906,557.300048828125
2019-02-12,89.76168823242188,558.7007446289062
2019-02-14,86.3005142211914,544.3820190429688
2019-02-15,88.16169738769531,553.3867797851562
2019-02-18,89.53312683105469,542.558837890625
2019-02-19,90.87185668945312,540.7801513671875
2019-02-20,94.07182312011719,548.8956298828125
2019-02-21,95.96563720703125,554.4762573242188
2019-02-22,97.0431900024414,548.0061645507812
2019-02-25,96.48809051513672,547.9838256835938
2019-02-26,96.3248519897461,542.62548828125
2019-02-27,96.65135192871094,544.0707397460938
2019-02-28,100.64606475830078,547.4281005859375
2019-03-01,100.95073699951172,545.2047119140625
2019-03-05,104.94541931152344,550.3629150390625
2019-03-06,104.81002807617188,562.4361572265625
2019-03-07,102.94806671142578,564.8596801757812
2019-03-08,101.83091735839844,563.4590454101562
2019-03-11,103.5912857055664,579.9122314453125
2019-03-12,102.81266784667969,592.0299072265625
2019-03-13,101.39083862304688,599.1226806640625
2019-03-14,102.27101135253906,596.5655517578125
2019-03-15,105.62250518798828,587.7164306640625
2019-03-18,104.7084732055664,600.3455200195312
2019-03-19,106.29956817626953,612.1295776367188
2019-03-20,102.81266784667969,611.6403198242188
2019-03-22,103.15120697021484,596.654541015625
2019-03-25,107.4167251586914,588.9614868164062
2019-03-26,109.0520248413086,607.9940795898438
2019-03-27,109.08606719970703,599.9896240234375
2019-03-28,106.22432708740234,604.77001953125
2019-04-01,107.1441879272461,618.9332275390625
2019-04-02,107.31452178955078,617.9771728515625
2019-04-03,105.917724609375,611.5292358398438
2019-04-04,105.78145599365234,601.679443359375
2019-04-05,106.66722869873047,602.0574951171875
2019-04-08,107.72335052490234,591.0960083007812
2019-04-09,107.34859466552734,593.4083862304688
2019-04-10,107.65521240234375,592.0520629882812
2019-04-11,108.06404113769531,598.9003295898438
2019-04-12,107.3826675415039,597.2548217773438
2019-04-15,106.5990982055664,595.9430541992188
2019-04-16,109.32453155517578,597.5439453125
2019-04-18,109.4267349243164,616.3096923828125
2019-04-22,107.58706665039062,598.2554321289062
2019-04-23,111.57304382324219,606.4820556640625
2019-04-24,114.91169738769531,617.8882446289062
2019-04-25,115.0479965209961,610.2841186523438
2019-04-26,114.74137878417969,619.3556518554688
2019-04-30,115.28646850585938,619.3556518554688
2019-05-02,115.08204650878906,624.8031005859375
2019-05-03,116.00189208984375,626.4928588867188
2019-05-06,115.93374633789062,615.8426513671875
2019-05-07,116.9898681640625,597.432861328125
2019-05-08,115.08204650878906,577.8443603515625
2019-05-09,115.42273712158203,558.7230834960938
2019-05-10,113.31050109863281,556.3662719726562
2019-05-13,111.81151580810547,547.8726806640625
2019-05-14,111.84558868408203,560.5018920898438
2019-05-15,110.89166259765625,558.9231567382812
2019-05-16,113.07205200195312,562.6807250976562
2019-05-17,114.02594757080078,563.59228515625
2019-05-20,119.91973114013672,589.6063842773438
2019-05-21,119.06800079345703,595.7874145507812
2019-05-22,120.60108947753906,596.05419921875
2019-05-23,118.65922546386719,593.163818359375
2019-05-24,118.82953643798828,594.4756469726562
2019-05-27,118.31851959228516,582.8248291015625
2019-05-28,119.44276428222656,588.6502685546875
2019-05-29,116.88766479492188,583.89208984375
2019-05-30,115.45679473876953,591.3184814453125
2019-05-31,117.1601791381836,591.496337890625
2019-06-03,117.29646301269531,604.8590698242188
2019-06-04,116.2403793334961,601.056884765625
2019-06-06,115.42273712158203,590.2511596679688
2019-06-07,114.12813568115234,584.7147827148438
2019-06-10,112.18626403808594,586.6046752929688
2019-06-11,115.32054138183594,591.0514526367188
2019-06-12,116.41072845458984,592.3856811523438
2019-06-13,115.11612701416016,590.2066040039062
2019-06-14,115.35459899902344,585.8932495117188
2019-06-17,112.01593017578125,570.2181396484375
2019-06-18,113.20829772949219,569.6400146484375
2019-06-19,114.02594757080078,568.0169067382812
2019-06-20,117.19428253173828,576.643798828125
2019-06-21,116.47884368896484,568.9730224609375
2019-06-24,112.56100463867188,561.3689575195312
2019-06-25,113.24238586425781,576.24365234375
2019-06-26,114.1622314453125,575.4876708984375
2019-06-27,116.2403793334961,566.5939331054688
2019-06-28,114.29850006103516,557.2333374023438
2019-07-01,109.69928741455078,564.2371215820312
2019-07-02,112.86763763427734,568.5283203125
2019-07-03,113.31050109863281,570.3294067382812
2019-07-04,113.85560607910156,570.97412109375
2019-07-05,110.03997802734375,561.7913818359375
2019-07-08,103.8395767211914,556.766357421875
2019-07-09,104.52095031738281,569.23974609375
2019-07-10,103.32855987548828,568.6838989257812
2019-07-11,104.31655883789062,569.8846435546875
2019-07-12,101.99989318847656,569.4176635742188
2019-07-15,102.68126678466797,567.4609985351562
2019-07-16,103.73737335205078,574.9762573242188
2019-07-17,102.13617706298828,570.01806640625
2019-07-18,97.70731353759766,561.1243286132812
2019-07-19,98.0479965209961,555.4100952148438
2019-07-22,99.9217529296875,569.4176635742188
2019-07-23,98.52495574951172,566.3272094726562
2019-07-24,97.8436050415039,559.9014892578125
2019-07-25,98.01393127441406,547.628173828125
2019-07-26,96.6852798461914,539.7572021484375
2019-07-29,95.6291732788086,538.4899291992188
2019-07-30,94.53897857666016,525.127197265625
2019-07-31,94.60710906982422,518.6126098632812
2019-08-01,93.27848052978516,524.8381958007812
2019-08-02,91.54100036621094,529.8225708007812
2019-08-05,89.46283721923828,511.481201171875
2019-08-06,89.56504821777344,504.7485046386719
2019-08-07,88.9177474975586,496.29351806640625
2019-08-08,89.15620422363281,515.50732421875
2019-08-09,89.224365234375,519.8690185546875
2019-08-13,87.04399871826172,570.2633666992188
2019-08-14,86.4307861328125,576.3026733398438
2019-08-16,87.14623260498047,571.7172241210938
2019-08-19,86.05603790283203,578.2485961914062
2019-08-20,85.20433044433594,570.8001098632812
2019-08-21,82.58109283447266,568.5633544921875
2019-08-22,80.18146514892578,557.7374877929688
2019-08-23,83.815185546875,570.7554321289062
2019-08-26,84.84357452392578,566.7069091796875
2019-08-27,86.1119384765625,570.3080444335938
2019-08-28,83.09529113769531,565.1411743164062
2019-08-29,84.50079345703125,555.5006713867188
2019-08-30,83.09529113769531,558.5426635742188
2019-09-03,80.3185806274414,539.686767578125
2019-09-04,81.58695220947266,537.3381958007812
2019-09-05,85.80342102050781,536.1973876953125
2019-09-06,87.72311401367188,546.88916015625
2019-09-09,88.71724700927734,546.7550659179688
2019-09-11,86.21478271484375,552.2127075195312
2019-09-12,86.31761932373047,541.4537353515625
2019-09-13,88.34016418457031,548.2760009765625
2019-09-16,89.60852813720703,541.6326904296875
2019-09-17,88.92294311523438,535.6829223632812
2019-09-18,87.07178497314453,539.3735961914062
2019-09-19,85.22067260742188,527.45166015625
2019-09-20,91.59678649902344,561.1373291015625
2019-09-23,93.44792175292969,554.3600463867188
2019-09-24,91.52822875976562,572.0303955078125
2019-09-25,90.12273406982422,572.41064453125
2019-09-26,93.9621353149414,580.1275634765625
2019-09-27,90.15702056884766,585.6075439453125
2019-09-30,90.3626937866211,595.9861450195312
2019-10-01,87.8945083618164,583.7510375976562
2019-10-03,87.82597351074219,586.5023193359375
2019-10-04,88.82008361816406,585.1825561523438
2019-10-07,86.76329040527344,586.0773315429688
2019-10-09,86.2833480834961,592.631103515625
2019-10-10,86.04338073730469,609.6304931640625
2019-10-11,88.44300079345703,605.0897827148438
2019-10-14,92.72802734375,607.5054931640625
2019-10-15,95.05908966064453,610.2566528320312
2019-10-16,97.11589050292969,613.925048828125
2019-10-17,96.94448852539062,624.7285766601562
2019-10-18,98.38426971435547,633.608642578125
2019-10-22,98.89847564697266,632.6244506835938
2019-10-23,97.28730010986328,622.8944091796875
2019-10-24,96.4645767211914,642.6004028320312
2019-10-25,95.67613220214844,640.251708984375
2019-10-27,95.8818130493164,641.6162109375
2019-10-29,97.45869445800781,656.2894287109375
2019-10-30,96.36174011230469,661.679931640625
2019-10-31,97.1501693725586,655.0814819335938
2019-11-01,98.82989501953125,651.7487182617188
2019-11-04,101.05813598632812,652.084228515625
2019-11-05,100.3382339477539,647.4541625976562
2019-11-06,99.17271423339844,641.9068603515625
2019-11-07,97.39013671875,652.5092163085938
2019-11-08,94.81912994384766,646.64892578125
2019-11-11,95.36762237548828,638.7308349609375
2019-11-13,94.75056457519531,658.637939453125
2019-11-14,93.37934875488281,654.3657836914062
2019-11-15,92.93372344970703,657.9893798828125
2019-11-18,91.8024673461914,652.7776489257812
2019-11-19,91.3568344116211,675.3912353515625
2019-11-20,91.66534423828125,692.3460083007812
2019-11-21,89.91705322265625,687.85009765625
2019-11-22,91.7681884765625,691.83154296875
2019-11-25,89.7799301147461,698.5642700195312
2019-11-26,89.30000305175781,697.982666015625
2019-11-27,90.9454574584961,702.2772216796875
2019-11-28,91.28824615478516,706.9521484375
2019-11-29,90.32842254638672,693.9117431640625
2019-12-02,87.82597351074219,709.7256469726562
2019-12-03,87.51744079589844,706.3258056640625
2019-12-04,89.16287994384766,694.605224609375
2019-12-05,88.37445831298828,693.777587890625
2019-12-06,86.76329040527344,695.5892944335938
2019-12-09,86.59187316894531,703.5075073242188
2019-12-10,85.83769989013672,698.7431640625
2019-12-11,87.75739288330078,698.9444580078125
2019-12-12,86.31761932373047,701.5390014648438
2019-12-13,86.72897338867188,708.115234375
2019-12-16,86.1119384765625,700.8233642578125
2019-12-17,85.90625,699.0786743164062
2019-12-18,85.76915740966797,704.9613037109375
2019-12-19,86.18049621582031,720.2161254882812
2019-12-20,85.80342102050781,715.3623046875
2019-12-23,85.46061706542969,702.970703125
2019-12-24,86.38618469238281,691.8091430664062
2019-12-26,87.75739288330078,677.9188842773438
2019-12-27,88.0316390991211,689.9750366210938
2019-12-30,87.72311401367188,690.802734375
2019-12-31,88.30589294433594,677.3150024414062
2020-01-01,87.38031005859375,675.32421875
2020-01-02,87.79168701171875,686.8212280273438
2020-01-03,88.06591033935547,687.6488037109375
2020-01-06,86.55758666992188,671.70068359375
2020-01-07,86.21478271484375,682.0345458984375
2020-01-08,84.63790130615234,676.912353515625
2020-01-09,84.80928802490234,692.5026245117188
2020-01-10,85.11782836914062,692.3460083007812
2020-01-13,86.00910949707031,690.5790405273438
2020-01-14,85.73486328125,684.1818237304688
2020-01-15,85.46061706542969,681.6990356445312
2020-01-16,85.3577880859375,687.9842529296875
2020-01-17,85.97480773925781,707.2653198242188
2020-01-20,84.26081848144531,685.5015258789062
2020-01-21,84.1579818725586,686.1949462890625
2020-01-22,79.80438995361328,685.9488525390625
2020-01-23,80.76423645019531,683.0410766601562
2020-01-24,81.14130401611328,680.6701049804688
2020-01-27,80.38713836669922,673.9598388671875
2020-01-28,79.94151306152344,658.3919677734375
2020-01-29,80.66138458251953,662.0154418945312
2020-01-30,79.25590515136719,645.8660278320312
2020-01-31,74.69661712646484,631.5060424804688
2020-02-03,70.9258041381836,619.8077392578125
2020-02-04,72.77694702148438,638.1044921875
2020-02-05,73.22258758544922,647.9909057617188
2020-02-06,73.5311050415039,652.1513061523438
2020-02-07,74.90231323242188,641.347900390625
2020-02-10,72.81121826171875,642.2200927734375
2020-02-11,73.22258758544922,649.8921508789062
2020-02-12,73.15402221679688,657.7432861328125
2020-02-13,72.22844696044922,659.465576171875
2020-02-14,70.82296752929688,665.4824829101562
2020-02-17,68.52619171142578,661.2997436523438
2020-02-18,68.08056640625,656.4459228515625
2020-02-19,69.72599792480469,672.7295532226562
2020-02-20,70.48016357421875,664.744384765625
2020-02-24,67.2235336303711,646.40283203125
2020-02-25,66.8807373046875,633.6309814453125
2020-02-26,65.68092346191406,622.715576171875
2020-02-27,64.00119018554688,620.1432495117188
2020-02-28,63.04134750366211,594.3756103515625
2020-03-02,61.08738327026367,588.7837524414062
2020-03-03,64.00119018554688,600.7280883789062
2020-03-04,63.624114990234375,599.3189086914062
2020-03-05,63.48698425292969,586.5469970703125
2020-03-06,60.6760139465332,568.5857543945312
2020-03-09,51.1118278503418,498.41845703125
2020-03-11,49.1578483581543,516.0440673828125
2020-03-12,42.85029220581055,475.5363464355469
2020-03-13,45.18134689331055,494.4593505859375
2020-03-16,41.2391242980957,454.37652587890625
2020-03-17,41.13628005981445,450.9319152832031
2020-03-18,46.723960876464844,433.261474609375
2020-03-19,41.856163024902344,410.5359191894531
2020-03-20,49.603492736816406,455.3830871582031
2020-03-23,44.484806060791016,395.4825134277344
2020-03-24,46.031455993652344,422.0329284667969
2020-03-25,45.33177947998047,484.1478576660156
2020-03-26,47.6885871887207,476.96783447265625
2020-03-27,47.4676399230957,476.6994323730469
2020-03-30,46.65748596191406,460.9749755859375
2020-03-31,50.30317306518555,498.239501953125
2020-04-01,48.425086975097656,483.3426513671875
2020-04-03,51.44475173950195,482.0005798339844
2020-04-07,53.691097259521484,539.5525512695312
2020-04-08,54.832672119140625,533.3119506835938
2020-04-09,56.931705474853516,545.7484130859375
2020-04-13,55.27457809448242,531.969970703125
2020-04-15,54.75901412963867,514.388916015625
2020-04-16,55.56917953491211,522.5308227539062
2020-04-17,56.1952018737793,547.5601196289062
2020-04-20,54.50124740600586,556.4177856445312
2020-04-21,51.076507568359375,553.5324096679688
2020-04-22,48.130489349365234,610.0106811523438
2020-04-23,49.60349655151367,613.2764892578125
2020-04-24,49.787620544433594,633.8993530273438
2020-04-27,50.41364669799805,639.6030883789062
2020-04-28,50.96603012084961,638.8873291015625
2020-04-29,51.92347717285156,638.3504638671875
2020-04-30,58.84661102294922,655.819580078125
2020-05-04,56.37934112548828,642.0411376953125
2020-05-05,57.778682708740234,653.4262084960938
2020-05-06,58.367897033691406,653.4711303710938
2020-05-07,55.67964553833008,674.138671875
2020-05-08,55.9742546081543,698.6760864257812
2020-05-11,56.74757766723633,705.386474609375
2020-05-12,56.1952018737793,661.7470703125
2020-05-13,57.594547271728516,675.7871704101562
2020-05-14,56.08472442626953,648.4657592773438
2020-05-15,56.08472442626953,659.0556640625
2020-05-18,53.691097259521484,650.6334228515625
2020-05-19,56.82121658325195,636.2501220703125
2020-05-20,57.44724655151367,647.44970703125
2020-05-21,56.71074676513672,650.8591918945312
2020-05-22,56.08472442626953,646.478759765625
2020-05-26,56.71074676513672,643.091796875
2020-05-27,57.41041946411133,652.8011474609375
2020-05-28,58.07329177856445,664.8585815429688
2020-05-29,61.27707290649414,661.3135986328125
2020-06-01,61.8294563293457,686.5802612304688
2020-06-02,62.087242126464844,693.5121459960938
2020-06-03,63.560237884521484,696.19921875
2020-06-04,62.529136657714844,713.427490234375
2020-06-05,64.03897094726562,714.2855224609375
2020-06-08,66.98497009277344,708.776123046875
2020-06-09,66.28529357910156,694.1669921875
2020-06-10,64.99641418457031,709.9728393554688
2020-06-11,64.00213623046875,694.4154663085938
2020-06-12,61.792633056640625,717.4918823242188
2020-06-15,61.9399299621582,729.1204223632812
2020-06-16,61.792633056640625,730.54296875
2020-06-17,62.013580322265625,729.481689453125
2020-06-18,61.5716667175293,747.7937622070312
2020-06-19,63.155155181884766,794.53369140625
2020-06-22,62.492313385009766,788.5501098632812
2020-06-23,63.08150100708008,777.1472778320312
2020-06-24,61.20342254638672,780.285888671875
2020-06-25,60.098670959472656,775.79248046875
2020-06-26,61.97675323486328,786.517822265625
2020-06-29,60.687870025634766,778.1634521484375
2020-06-30,59.91455078125,769.560546875
2020-07-01,59.251686096191406,784.6890258789062
2020-07-02,60.282798767089844,798.19775390625
2020-07-03,60.687870025634766,810.6897583007812
2020-07-06,61.6821403503418,839.6640014648438
2020-07-07,60.35645294189453,826.8092651367188
2020-07-08,59.877723693847656,815.2694091796875
2020-07-09,59.06756591796875,827.1719360351562
2020-07-10,57.85234069824219,851.5665893554688
2020-07-13,58.11011505126953,877.3894653320312
2020-07-14,56.96852111816406,869.2276611328125
2020-07-15,56.15838623046875,836.1271362304688
2020-07-16,56.08472442626953,835.855224609375
2020-07-17,59.178043365478516,866.8245239257812
2020-07-20,59.14120864868164,870.5426635742188
2020-07-21,60.724700927734375,893.96240234375
2020-07-22,60.83515930175781,908.6762084960938
2020-07-23,60.87199783325195,933.0709228515625
2020-07-24,59.65676498413086,973.1314697265625
2020-07-27,59.509464263916016,977.6885375976562
2020-07-28,58.84661102294922,987.4373168945312
2020-07-29,58.552005767822266,950.6866455078125
2020-07-30,57.2263069152832,956.2185668945312
2020-07-31,57.668212890625,937.2877197265625
2020-08-03,55.900604248046875,910.9434814453125
2020-08-04,56.04789733886719,975.1492309570312
2020-08-05,56.673927307128906,964.1989135742188
2020-08-06,57.48408126831055,967.6676025390625
2020-08-07,57.92599105834961,973.2674560546875
2020-08-10,58.22059631347656,961.206298828125
2020-08-11,57.778682708740234,967.5315551757812
2020-08-12,57.52090835571289,964.7203369140625
2020-08-13,57.8891716003418,962.203857421875
2020-08-14,56.784400939941406,958.4630737304688
2020-08-17,58.404727935791016,948.283447265625
2020-08-18,59.39899444580078,960.6168212890625
2020-08-19,58.58884811401367,966.5113525390625
2020-08-20,60.50374984741211,950.8679809570312
2020-08-21,59.693603515625,943.975830078125
2020-08-24,59.84088897705078,950.278564453125
2020-08-25,59.288509368896484,944.0892333984375
2020-08-26,59.95136642456055,969.1185913085938
2020-08-27,59.030738830566406,957.011962890625
2020-08-28,59.178043365478516,959.528564453125
2020-08-31,60.35645294189453,943.4544677734375
2020-09-01,58.44154357910156,946.4243774414062
2020-09-02,59.14120864868164,964.992431640625
2020-09-03,58.22059631347656,957.6921997070312
2020-09-04,57.37360382080078,941.8900756835938
2020-09-07,56.305686950683594,944.3385620117188
2020-09-08,54.832672119140625,955.4251098632812
2020-09-09,53.54378890991211,980.023681640625
2020-09-10,54.24346160888672,1049.2398681640625
2020-09-11,53.98569869995117,1051.8472900390625
2020-09-14,54.24346160888672,1044.0482177734375
2020-09-15,54.35394287109375,1051.4390869140625
2020-09-16,53.80156707763672,1054.0235595703125
2020-09-17,53.87521743774414,1042.3253173828125
2020-09-18,54.72220230102539,1045.4765625
2020-09-21,52.40220642089844,1022.8728637695312
2020-09-22,51.18697738647461,1002.6044921875
2020-09-23,49.82444763183594,1011.514404296875
2020-09-24,49.08794403076172,989.0242309570312
2020-09-25,50.745079040527344,998.3196411132812
2020-09-28,52.91775131225586,1004.9169921875
2020-09-29,50.92920684814453,1017.9758911132812
2020-09-30,51.002864837646484,1013.1241455078125
2020-10-01,50.92920684814453,1008.9979248046875
2020-10-05,50.96603012084961,1003.0806884765625
2020-10-06,51.076507568359375,1002.2417602539062
2020-10-07,51.92347717285156,1023.6210327148438
2020-10-08,50.41364669799805,1015.345947265625
2020-10-09,51.77618408203125,1012.716064453125
2020-10-12,50.92920684814453,1014.348388671875
2020-10-13,50.892372131347656,1034.1407470703125
2020-10-14,49.34572982788086,1037.22412109375
2020-10-15,48.64604187011719,1000.4959716796875
2020-10-16,49.52984619140625,986.5757446289062
2020-10-19,51.0396842956543,986.7570190429688
2020-10-20,49.640323638916016,977.552490234375
2020-10-21,49.9349250793457,963.3600463867188
2020-10-22,50.708251953125,955.35693359375
2020-10-23,50.8187255859375,958.1229248046875
2020-10-26,50.229515075683594,920.0573120117188
2020-10-27,49.23524475097656,922.5059204101562
2020-10-28,48.86698532104492,912.0543212890625
2020-10-29,47.430816650390625,919.0597534179688
2020-10-30,47.799072265625,931.5745239257812
2020-11-02,48.38826370239258,851.2945556640625
2020-11-03,48.83017349243164,839.0291748046875
2020-11-04,48.94064712524414,867.504638671875
2020-11-05,49.787620544433594,886.4581298828125
2020-11-06,50.08222198486328,920.0800170898438
2020-11-09,50.41364669799805,929.8515014648438
2020-11-10,52.10760498046875,945.2001342773438
2020-11-11,53.286006927490234,905.5928344726562
2020-11-12,52.69681167602539,897.7938232421875
2020-11-13,53.138710021972656,905.2301025390625
2020-11-14,53.5069694519043,907.9053955078125
2020-11-17,52.5126838684082,903.8017578125
2020-11-18,52.99141311645508,901.05859375
2020-11-19,53.138710021972656,894.6878662109375
2020-11-20,52.77046585083008,861.2926635742188
2020-11-23,56.342506408691406,884.5084228515625
2020-11-24,56.04789733886719,890.5616455078125
2020-11-25,59.509464263916016,883.193359375
2020-11-26,59.06756591796875,885.369873046875
2020-11-27,57.81550598144531,875.0316162109375
2020-12-01,60.06184768676758,886.4127807617188
2020-12-02,62.492313385009766,887.8864135742188
2020-12-03,65.32783508300781,890.5616455078125
2020-12-04,66.17481994628906,882.7173461914062
2020-12-07,67.4268798828125,887.9091186523438
2020-12-08,66.8376693725586,904.028564453125
2020-12-09,67.16911315917969,919.08251953125
2020-12-10,67.50053405761719,910.0365600585938
2020-12-11,71.29353332519531,909.492431640625
2020-12-14,74.75508880615234,902.9176635742188
2020-12-15,73.98174285888672,895.2320556640625
2020-12-16,75.78619384765625,896.2294921875
2020-12-17,74.75508880615234,900.3330688476562
2020-12-18,72.91383361816406,903.031005859375
2020-12-21,66.17481994628906,879.5205078125
2020-12-22,66.69037628173828,878.1603393554688
2020-12-23,66.87450408935547,881.40234375
2020-12-24,68.60528564453125,904.2100830078125
2020-12-28,69.08399200439453,908.35888671875
2020-12-29,68.60528564453125,902.3508911132812
2020-12-30,68.67892456054688,904.8220825195312
2020-12-31,68.5316390991211,900.1971435546875
2021-01-01,68.64209747314453,901.1946411132812
2021-01-04,71.40399169921875,902.7136840820312
2021-01-05,69.93098449707031,891.4912109375
2021-01-06,71.40399169921875,867.9808349609375
2021-01-07,72.10366821289062,866.5751342773438
2021-01-08,74.12906646728516,876.800048828125
2021-01-11,75.52841186523438,860.2724609375
2021-01-12,76.19126892089844,887.3876953125
2021-01-13,77.51696014404297,879.1124877929688
2021-01-14,77.36967468261719,888.997314453125
2021-01-15,74.68142700195312,878.5004272460938
2021-01-18,71.18304443359375,899.5849609375
2021-01-19,72.25098419189453,914.2988891601562
2021-01-20,72.80335998535156,931.6651611328125
2021-01-21,69.74685668945312,951.93359375
2021-01-22,68.31068420410156,929.3527221679688
2021-01-25,67.27958679199219,880.1100463867188
2021-01-27,66.06433868408203,859.252197265625
2021-01-28,66.7640380859375,850.886474609375
2021-01-29,65.03323364257812,835.1976928710938
2021-02-01,66.91131591796875,859.3883056640625
2021-02-02,68.38432312011719,873.2179565429688
2021-02-03,68.7525863647461,875.4171752929688
2021-02-04,71.91954803466797,872.5377197265625
2021-02-05,71.91954803466797,872.2883911132812
2021-02-08,73.3925552368164,884.848388671875
2021-02-09,74.3868179321289,886.9795532226562
2021-02-10,73.65032196044922,895.2092895507812
2021-02-11,73.2452392578125,932.1187133789062
2021-02-12,71.44083404541016,925.7252197265625
2021-02-15,72.50874328613281,921.6444091796875
2021-02-16,76.41221618652344,933.8416748046875
2021-02-17,76.5995101928711,944.6106567382812
2021-02-18,82.92973327636719,937.5598754882812
2021-02-19,78.73454284667969,943.2730712890625
2021-02-22,79.6335220336914,910.5352783203125
2021-02-23,84.0534439086914,917.4954833984375
2021-02-24,85.10223388671875,934.5218505859375
2021-02-25,89.18505096435547,972.3153076171875
2021-02-26,83.15447235107422,945.7669067382812
2021-03-01,87.686767578125,952.9764404296875
2021-03-02,85.02730560302734,954.9262084960938
2021-03-03,85.40189361572266,998.5009765625
2021-03-04,84.42799377441406,986.598388671875
2021-03-05,86.11356353759766,987.890625
2021-03-08,88.58573150634766,993.5133056640625
2021-03-09,87.46202850341797,993.4905395507812
2021-03-10,85.70155334472656,989.3643188476562
2021-03-12,86.18849182128906,969.2546997070312
2021-03-15,85.66407775878906,956.2411499023438
2021-03-16,86.22593688964844,952.4777221679688
2021-03-17,81.91840362548828,931.9598999023438
2021-03-18,82.5551528930664,910.98876953125
2021-03-19,82.77989959716797,944.0438842773438
2021-03-22,82.1056900024414,935.1566162109375
2021-03-23,80.27030181884766,946.5377807617188
2021-03-24,78.50980377197266,928.3097534179688
2021-03-25,76.41222381591797,902.9857177734375
2021-03-26,76.71186828613281,904.4367065429688
2021-03-30,77.53592681884766,920.14794921875
2021-03-31,76.52459716796875,908.2681274414062
2021-04-01,78.17268371582031,916.7699584960938
2021-04-05,77.49845886230469,903.5072021484375
2021-04-06,77.87303161621094,899.74365234375
2021-04-07,78.39743041992188,908.1548461914062
2021-04-08,77.61083221435547,909.288330078125
2021-04-09,77.76067352294922,898.723388671875
2021-04-12,73.45311737060547,866.5751342773438
2021-04-13,76.44967651367188,875.9384765625
2021-04-15,78.73454284667969,881.6063232421875
2021-04-16,80.38265228271484,876.0745239257812
2021-04-19,77.19880676269531,862.2902221679688
2021-04-20,77.0489730834961,862.0408935546875
2021-04-22,77.23626708984375,864.4213256835938
2021-04-23,76.71186828613281,863.4918212890625
2021-04-26,77.01152801513672,878.6817626953125
2021-04-27,77.3111801147461,901.7161254882812
2021-04-28,77.83558654785156,905.6382446289062
2021-04-29,77.94794464111328,917.7675170898438
2021-04-30,81.01941680908203,904.3685913085938
2021-05-03,80.68229675292969,888.2945556640625
2021-05-04,82.14313507080078,869.0463256835938
2021-05-05,83.22940063476562,870.6334228515625
2021-05-06,82.59261322021484,875.5757446289062
2021-05-07,83.4915771484375,875.9158935546875
2021-05-10,85.32698822021484,873.3993530273438
2021-05-11,88.47337341308594,876.5507202148438
2021-05-12,86.22593688964844,867.4820556640625
2021-05-14,84.61528778076172,878.4324340820312
2021-05-17,85.58918762207031,888.8839721679688
2021-05-18,86.9750747680664,901.398681640625
2021-05-19,86.07611846923828,905.5248413085938
2021-05-20,83.75379180908203,900.2423706054688
2021-05-21,84.46546173095703,908.0188598632812
2021-05-24,84.69020080566406,900.3557739257812
2021-05-25,85.85137939453125,890.153564453125
2021-05-26,84.9149398803711,893.2822265625
2021-05-27,83.79124450683594,896.0255737304688
2021-05-28,84.16580200195312,949.8477783203125
2021-05-31,85.13970184326172,979.5475463867188
2021-06-01,88.09878540039062,983.4470825195312
2021-06-02,88.21116638183594,998.1155395507812
2021-06-03,91.76956176757812,1001.9243774414062
2021-06-04,93.97954559326172,993.2411499023438
2021-06-07,93.75479125976562,1009.9727783203125
2021-06-08,93.49259185791016,1004.1688842773438
2021-06-09,92.93072509765625,986.2130126953125
2021-06-10,92.85581970214844,989.8404541015625
2021-06-11,92.55615997314453,1007.0098266601562
2021-06-14,93.49259185791016,1021.45654296875
2021-06-15,93.90460968017578,1023.7771606445312
2021-06-16,94.91596221923828,1006.3045043945312
2021-06-17,93.71733856201172,1008.1473999023438
2021-06-18,90.0840072631836,1012.697509765625
2021-06-21,90.6084213256836,1017.9756469726562
2021-06-22,91.43245697021484,1012.742919921875
2021-06-23,92.40634155273438,1003.4608154296875
2021-06-24,91.39500427246094,979.8683471679688
2021-06-25,90.57095336914062,957.5499877929688
2021-06-28,91.65719604492188,949.1550903320312
2021-06-29,89.4472427368164,949.97412109375
2021-06-30,88.17369842529297,960.3711547851562
2021-07-01,89.03521728515625,954.592529296875
2021-07-02,88.73556518554688,968.7432861328125
2021-07-05,90.6084213256836,978.3668212890625
2021-07-06,91.02043914794922,966.8095703125
2021-07-07,89.82180786132812,960.0980834960938
2021-07-08,87.686767578125,952.1581420898438
2021-07-09,88.32353210449219,942.4209594726562
2021-07-12,88.81047821044922,948.2905883789062
2021-07-13,90.1963882446289,955.3887939453125
2021-07-14,90.49604034423828,949.1550903320312
2021-07-15,87.57438659667969,947.4943237304688
2021-07-16,87.49948120117188,961.1674194335938
2021-07-19,85.85137939453125,955.0474853515625
2021-07-20,84.35307312011719,952.7041625976562
2021-07-22,86.52560424804688,964.9440307617188
2021-07-23,86.37576293945312,958.1187744140625
2021-07-26,85.81393432617188,944.99169921875
2021-07-27,85.88883209228516,935.0496826171875
2021-07-28,85.66407775878906,927.0187377929688
2021-07-29,85.9637451171875,934.25341796875
2021-07-30,86.37576293945312,926.0859985351562
2021-08-02,87.72423553466797,943.012451171875
2021-08-03,88.32353210449219,949.9513549804688
2021-08-04,87.91150665283203,957.2315673828125
2021-08-05,87.53693389892578,971.109375
2021-08-06,87.3871078491211,950.5429077148438
2021-08-09,86.15101623535156,945.1281127929688
2021-08-10,86.03865051269531,950.0877685546875
2021-08-11,87.64932250976562,963.39697265625
2021-08-12,87.08745574951172,960.3028564453125
2021-08-13,86.9750747680664,976.2965087890625
2021-08-16,86.52560424804688,988.9686279296875
2021-08-17,85.28950500488281,984.759765625
2021-08-18,84.80256652832031,988.5818481445312
2021-08-20,82.5551528930664,977.4796142578125
2021-08-23,83.71632385253906,983.895263671875
2021-08-24,84.80256652832031,993.6097412109375
2021-08-25,86.63796997070312,1002.20947265625
2021-08-26,86.56304168701172,1014.8814697265625
2021-08-27,87.3871078491211,1013.4937744140625
2021-08-30,90.00910186767578,1032.990966796875
2021-08-31,90.30875396728516,1027.4853515625
2021-09-01,89.67198181152344,1031.5577392578125
2021-09-02,88.88539123535156,1043.9796142578125
2021-09-03,92.21906280517578,1086.796142578125
2021-09-06,91.13282012939453,1103.67724609375
2021-09-07,89.85926818847656,1110.6387939453125
2021-09-08,90.50601959228516,1106.29345703125
2021-09-09,92.9408187866211,1103.67724609375
2021-09-13,93.62559509277344,1079.083984375
2021-09-14,94.31037902832031,1077.67333984375
2021-09-15,97.73431396484375,1082.1551513671875
2021-09-16,97.9245376586914,1104.860107421875
2021-09-17,97.20170593261719,1087.72900390625
2021-09-20,97.7723617553711,1089.4580078125
2021-09-21,102.8702163696289,1094.16748046875
2021-09-22,101.69087982177734,1105.9068603515625
2021-09-23,104.81046295166016,1132.934326171875
2021-09-24,103.55501556396484,1129.6583251953125
2021-09-27,106.52242279052734,1148.655029296875
2021-09-28,108.19635009765625,1159.3934326171875
2021-09-29,110.1365737915039,1150.2022705078125
2021-09-30,109.94635009765625,1146.2889404296875
2021-10-01,111.27790069580078,1148.31396484375
2021-10-04,112.30506134033203,1163.0789794921875
2021-10-05,124.51708221435547,1187.2174072265625
2021-10-06,127.90299224853516,1164.7625732421875
2021-10-07,122.04425811767578,1170.4730224609375
2021-10-08,122.4627685546875,1215.450927734375
2021-10-11,125.54428100585938,1206.987548828125
2021-10-12,124.4410171508789,1213.881103515625
2021-10-13,121.73992156982422,1226.234619140625
2021-10-14,121.01708221435547,1228.71435546875
2021-10-18,123.3377456665039,1231.9906005859375
2021-10-19,120.67471313476562,1243.024658203125
2021-10-20,117.85943603515625,1228.71435546875
2021-10-21,117.935546875,1193.26904296875
2021-10-22,119.49532318115234,1195.49853515625
2021-10-25,122.80513000488281,1183.850341796875
2021-10-26,124.0986328125,1210.8096923828125
2021-10-27,120.14208221435547,1195.49853515625
2021-10-28,114.2833251953125,1182.3941650390625
2021-10-29,113.40833282470703,1154.0244140625
2021-11-01,116.52790832519531,1154.7294921875
2021-11-02,116.37574005126953,1137.89404296875
2021-11-03,115.65291595458984,1130.06787109375
2021-11-04,115.69094848632812,1137.0067138671875
2021-11-08,117.85943603515625,1138.4173583984375
2021-11-09,119.19096374511719,1147.40380859375
2021-11-10,119.98991394042969,1160.235107421875
2021-11-11,116.79424285888672,1162.35107421875
2021-11-12,117.66923522949219,1179.8917236328125
2021-11-15,120.06600952148438,1172.9300537109375
2021-11-16,119.57140350341797,1145.6748046875
2021-11-17,119.76165008544922,1121.149658203125
2021-11-18,117.40291595458984,1125.381103515625
2021-11-22,115.62767028808594,1075.5345458984375
2021-11-23,115.74600982666016,1085.5904541015625
2021-11-24,121.0717544555664,1069.9154052734375
2021-11-25,122.37360382080078,1134.322265625
2021-11-26,116.06163787841797,1097.761962890625
2021-11-29,113.69462585449219,1110.9119873046875
2021-11-30,112.11663055419922,1094.4857177734375
2021-12-01,112.2349853515625,1122.5147705078125
2021-12-02,113.61573791503906,1129.7265625
2021-12-03,115.11482238769531,1095.7825927734375
2021-12-06,113.1028823852539,1075.011474609375
2021-12-07,115.11482238769531,1083.7703857421875
2021-12-08,117.08732604980469,1100.2646484375
2021-12-09,116.25886535644531,1117.71435546875
2021-12-10,116.41665649414062,1118.851806640625
2021-12-13,115.1542739868164,1096.419677734375
2021-12-14,115.90382385253906,1082.9969482421875
2021-12-15,113.57628631591797,1079.8345947265625
2021-12-16,114.6808853149414,1093.8033447265625
2021-12-17,109.98631286621094,1064.9329833984375
2021-12-20,105.72576141357422,1036.2216796875
2021-12-21,107.34320068359375,1051.646484375
2021-12-22,107.9349594116211,1076.60400390625
2021-12-23,110.85424041748047,1076.2171630859375
2021-12-24,109.27626037597656,1079.652587890625
2021-12-27,108.36890411376953,1078.4923095703125
2021-12-28,110.06524658203125,1091.30078125
2021-12-29,109.59183502197266,1093.16650390625
2021-12-30,110.85424041748047,1073.4188232421875
2021-12-31,112.35332489013672,1077.5367431640625
2022-01-03,112.86619567871094,1093.780517578125
2022-01-04,116.61392974853516,1118.4649658203125
2022-01-05,118.62590026855469,1123.6976318359375
2022-01-06,118.98091888427734,1099.53662109375
2022-01-07,123.91214752197266,1108.4091796875
2022-01-10,124.93785858154297,1109.3193359375
2022-01-11,126.98926544189453,1117.3048095703125
2022-01-12,130.145263671875,1147.130859375
2022-01-13,129.35623168945312,1153.5919189453125
2022-01-14,127.06815338134766,1155.275390625
2022-01-17,130.8553466796875,1161.304443359375
2022-01-18,129.27735900878906,1147.4493408203125
2022-01-19,134.3269500732422,1147.3582763671875
2022-01-20,131.64434814453125,1127.2696533203125
2022-01-21,129.11953735351562,1127.4515380859375
2022-01-24,130.7370147705078,1081.9730224609375
2022-01-25,130.30303955078125,1079.8572998046875
2022-01-27,130.7370147705078,1063.8636474609375
2022-01-28,133.1829071044922,1062.83984375
2022-01-31,136.18109130859375,1085.9317626953125
2022-02-01,134.8792266845703,1082.3370361328125
2022-02-02,135.1553497314453,1084.5439453125
2022-02-03,132.1571807861328,1070.529541015625
2022-02-04,133.81407165527344,1060.7694091796875
2022-02-07,135.78659057617188,1054.3084716796875
2022-02-08,131.72325134277344,1072.031005859375
2022-02-09,129.35623168945312,1084.5211181640625
2022-02-10,133.41958618164062,1083.4063720703125
2022-02-11,132.67002868652344,1081.2906494140625
2022-02-14,131.13148498535156,1064.068359375
2022-02-15,129.51402282714844,1100.1964111328125
2022-02-16,132.9856719970703,1097.92138671875
2022-02-17,135.51043701171875,1111.82177734375
2022-02-18,132.47279357910156,1103.131103515625
2022-02-21,130.28018188476562,1091.9833984375
2022-02-22,131.51602172851562,1087.023681640625
2022-02-23,128.16734313964844,1080.2213134765625
2022-02-24,124.89834594726562,1026.393310546875
2022-02-25,127.1706771850586,1039.224853515625
2022-02-28,128.0876007080078,1073.6234130859375
2022-03-02,129.92141723632812,1091.369140625
2022-03-03,135.78160095214844,1082.1551513671875
2022-03-04,131.7552032470703,1058.1531982421875
2022-03-07,149.05677795410156,1019.022216796875
2022-03-08,142.79794311523438,1017.1793212890625
2022-03-09,139.84786987304688,1071.1436767578125
2022-03-10,139.0107421875,1088.50244140625
2022-03-11,140.0870819091797,1091.64208984375
2022-03-14,136.9775848388672,1100.605712890625
2022-03-15,130.55923461914062,1075.398193359375
2022-03-16,133.38970947265625,1093.55322265625
2022-03-17,135.78160095214844,1129.2032470703125
2022-03-21,137.57554626464844,1122.6966552734375
2022-03-22,139.88775634765625,1151.7037353515625
2022-03-23,140.00735473632812,1155.366455078125
2022-03-24,141.4823760986328,1173.3167724609375
2022-03-25,140.1668243408203,1181.1429443359375
2022-03-28,140.60533142089844,1193.018798828125
2022-03-29,136.3397216796875,1193.291748046875
2022-03-30,129.16395568847656,1216.2244873046875
2022-03-31,130.6788330078125,1198.8428955078125
2022-04-01,133.907958984375,1208.4437255859375
2022-04-04,133.98768615722656,1212.015625
2022-04-05,137.01744079589844,1194.8841552734375
2022-04-06,137.77488708496094,1191.6993408203125
2022-04-07,134.6255340576172,1170.677734375
2022-04-08,136.260009765625,1190.1522216796875
2022-04-11,136.49917602539062,1187.6724853515625
2022-04-12,134.66539001464844,1165.30859375
2022-04-13,138.93099975585938,1161.0313720703125
2022-04-18,140.1668243408203,1157.4822998046875
2022-04-19,141.24317932128906,1201.5955810546875
2022-04-20,139.92764282226562,1236.9273681640625
2022-04-21,138.8512420654297,1265.8890380859375
2022-04-22,138.73165893554688,1255.287109375
2022-04-25,135.2633819580078,1226.2574462890625
2022-04-26,133.1106414794922,1262.9541015625
2022-04-27,131.43630981445312,1264.1826171875
2022-04-28,131.3964385986328,1283.065673828125
2022-04-29,127.92813873291016,1269.597412109375
2022-05-02,124.6591796875,1265.13818359375
2022-05-04,129.36329650878906,1225.64306640625
2022-05-05,131.43630981445312,1201.6412353515625
2022-05-06,133.1106414794922,1192.42724609375
2022-05-09,131.35655212402344,1145.8568115234375
2022-05-10,123.14427185058594,1125.9954833984375
2022-05-11,126.45314025878906,1114.4609375
2022-05-12,124.77873992919922,1091.755859375
2022-05-13,122.42671203613281,1104.132080078125
2022-05-16,122.38685607910156,1104.4051513671875
2022-05-17,130.08084106445312,1150.793701171875
2022-05-18,130.12074279785156,1154.979736328125
2022-05-19,127.56935119628906,1128.361572265625
2022-05-20,129.084228515625,1194.1561279296875
2022-05-23,123.66252899169922,1186.1708984375
2022-05-24,120.11451721191406,1190.2431640625
2022-05-25,121.66927337646484,1188.491455078125
2022-05-26,121.11114501953125,1177.16162109375
2022-05-27,114.6529541015625,1171.701416015625
2022-05-30,114.85227966308594,1212.51611328125
2022-05-31,120.59291076660156,1197.887451171875
2022-06-01,119.39694213867188,1198.2742919921875
2022-06-02,121.5496597290039,1239.5892333984375
2022-06-03,120.87195587158203,1264.7059326171875
2022-06-06,122.7456283569336,1259.2685546875
2022-06-07,129.04434204101562,1261.634521484375
2022-06-08,130.28018188476562,1239.4755859375
2022-06-09,131.99444580078125,1273.4649658203125
2022-06-10,131.2768096923828,1235.016357421875
2022-06-13,127.21056365966797,1211.6513671875
2022-06-14,124.34025573730469,1195.8170166015625
2022-06-15,120.71248626708984,1181.3475341796875
2022-06-16,114.4536361694336,1164.8309326171875
2022-06-17,112.77925872802734,1178.481201171875
2022-06-20,107.15825653076172,1157.118408203125
2022-06-21,110.90560913085938,1175.796630859375
2022-06-22,107.51704406738281,1140.078125
2022-06-23,107.4771728515625,1121.581787109375
2022-06-24,109.51031494140625,1137.5528564453125
2022-06-27,112.81913757324219,1134.185791015625
2022-06-28,119.07801055908203,1150.1339111328125
2022-06-29,122.90507507324219,1173.9993896484375
2022-06-30,120.83209228515625,1181.052001953125
2022-07-01,104.48727416992188,1095.987548828125
2022-07-04,100.46086120605469,1098.262451171875
2022-07-05,101.57708740234375,1107.1580810546875
2022-07-06,96.43445587158203,1097.420654296875
2022-07-07,98.46759033203125,1086.6141357421875
2022-07-08,96.87296295166016,1088.1158447265625
2022-07-11,100.06219482421875,1102.9036865234375
2022-07-12,98.94596099853516,1101.333740234375
2022-07-13,99.22502136230469,1081.8138427734375
2022-07-14,101.37776947021484,1090.7320556640625
2022-07-15,100.89938354492188,1092.847900390625
2022-07-18,103.57035827636719,1102.1529541015625
2022-07-19,101.97573852539062,1108.909912109375
2022-07-20,105.6832275390625,1138.89501953125
2022-07-21,106.12174987792969,1131.29638671875
2022-07-22,105.60350036621094,1138.940673828125
2022-07-25,103.49063110351562,1101.31103515625
2022-07-26,102.21491241455078,1101.8116455078125
2022-07-27,102.53387451171875,1100.76513671875
2022-07-28,103.84940338134766,1118.010009765625
2022-07-29,106.95890808105469,1141.829833984375
2022-08-01,110.34747314453125,1171.5877685546875
2022-08-02,108.99205017089844,1176.0467529296875
2022-08-03,108.1548843383789,1185.920654296875
2022-08-04,108.63327026367188,1170.245361328125
2022-08-05,108.83260345458984,1153.0003662109375
2022-08-08,108.83260345458984,1168.083984375
2022-08-10,106.67987060546875,1175.068603515625
2022-08-11,105.88256072998047,1178.9815673828125
2022-08-12,110.98532104492188,1198.046630859375
2022-08-16,111.58331298828125,1206.3734130859375
2022-08-17,111.34410095214844,1212.67529296875
2022-08-18,110.65025329589844,1214.87451171875
2022-08-19,109.87476348876953,1193.2137451171875
2022-08-22,107.67073059082031,1189.904052734375
2022-08-23,109.18090057373047,1208.2552490234375
2022-08-24,111.01758575439453,1205.0369873046875
2022-08-25,111.46656036376953,1201.52197265625
2022-08-26,111.5481948852539,1195.108154296875
2022-08-29,110.93595123291016,1185.8184814453125
2022-08-30,113.13998413085938,1204.2152099609375
2022-09-01,109.95639038085938,1168.8138427734375
2022-09-02,108.36459350585938,1155.1646728515625
2022-09-05,108.89520263671875,1173.1051025390625
2022-09-06,107.8340072631836,1185.453125
2022-09-07,108.16051483154297,1178.56005859375
2022-09-08,107.62993621826172,1180.226318359375
2022-09-09,109.38499450683594,1172.8768310546875
2022-09-12,109.38499450683594,1186.0009765625
2022-09-13,109.30335235595703,1195.9071044921875
2022-09-14,108.73194122314453,1181.572998046875
2022-09-15,108.2421646118164,1169.864013671875
2022-09-16,107.14013671875,1140.8763427734375
2022-09-19,106.56873321533203,1142.35986328125
2022-09-20,108.73194122314453,1142.54248046875
2022-09-21,106.85443878173828,1145.6925048828125
2022-09-22,105.01774597167969,1134.896240234375
2022-09-23,104.97693634033203,1113.62353515625
2022-09-26,100.77294921875,1085.252197265625
2022-09-27,101.58924865722656,1093.8800048828125
2022-09-28,100.03826904296875,1064.755615234375
2022-09-29,103.38513946533203,1061.49169921875
2022-09-30,103.50757598876953,1085.434814453125
2022-10-03,108.07889556884766,1081.6688232421875
2022-10-04,109.30335235595703,1101.6175537109375
2022-10-06,108.282958984375,1105.6802978515625
2022-10-07,109.4258041381836,1110.359619140625
2022-10-10,108.77276611328125,1098.2396240234375
2022-10-11,107.01769256591797,1076.373291015625
2022-10-12,107.2217788696289,1084.2935791015625
2022-10-13,105.99732208251953,1087.7401123046875
2022-10-14,104.16062927246094,1082.216552734375
2022-10-17,104.3238754272461,1099.586181640625
2022-10-18,105.05854797363281,1118.9873046875
2022-10-19,104.3238754272461,1138.4569091796875
2022-10-20,105.7932357788086,1141.5155029296875
2022-10-21,107.3850326538086,1128.2769775390625
2022-10-24,108.4054183959961,1132.0430908203125
2022-10-25,106.73200225830078,1114.559326171875
2022-10-27,107.58911895751953,1118.9415283203125
2022-10-28,109.14008331298828,1153.178955078125
2022-10-31,109.4258041381836,1163.8837890625
2022-11-01,110.32372283935547,1154.8680419921875
2022-11-02,111.38493347167969,1162.08056640625
2022-11-03,111.3440933227539,1166.417236328125
2022-11-04,112.52774810791016,1183.5816650390625
2022-11-07,113.09918975830078,1189.904052734375
2022-11-09,113.18079376220703,1188.7171630859375
2022-11-10,114.1603775024414,1174.3375244140625
2022-11-11,114.650146484375,1201.407958984375
2022-11-14,113.67057037353516,1195.58740234375
2022-11-15,116.2011489868164,1190.2237548828125
2022-11-16,116.65010070800781,1183.3990478515625
2022-11-17,116.8949966430664,1186.45751953125
2022-11-18,115.71137237548828,1185.8184814453125
2022-11-21,116.09706115722656,1164.4771728515625
2022-11-22,115.88276672363281,1170.9366455078125
2022-11-23,116.99703979492188,1167.28466796875
2022-11-24,119.52554321289062,1177.3504638671875
2022-11-25,120.46837615966797,1194.925537109375
2022-11-28,119.65412139892578,1235.9874267578125
2022-11-29,120.21124267578125,1238.1099853515625
2022-11-30,120.93980407714844,1246.8519287109375
2022-12-01,120.03982543945312,1243.1771240234375
2022-12-02,120.76837158203125,1242.6522216796875
2022-12-05,123.2111587524414,1224.5294189453125
2022-12-06,122.0969009399414,1228.067138671875
2022-12-07,120.5541000366211,1209.9442138671875
2022-12-08,122.2683334350586,1209.3736572265625
2022-12-09,120.5969467163086,1191.04541015625
2022-12-12,122.0112075805664,1192.871337890625
2022-12-13,123.7254409790039,1198.3037109375
2022-12-14,126.51107788085938,1193.967041015625
2022-12-15,126.38249969482422,1177.0079345703125
2022-12-16,126.16822814941406,1171.1876220703125
2022-12-19,124.9682846069336,1186.5716552734375
2022-12-20,125.01110076904297,1196.8428955078125
2022-12-21,122.99689483642578,1179.8155517578125
2022-12-22,121.92549133300781,1176.757080078125
2022-12-23,119.8255386352539,1142.2459716796875
2022-12-26,121.11122131347656,1152.22021484375
2022-12-27,124.11113739013672,1161.6468505859375
2022-12-28,123.3397216796875,1161.5328369140625
2022-12-29,123.98257446289062,1161.0079345703125
2022-12-30,125.78250122070312,1162.7880859375
2023-01-02,128.95387268066406,1175.8896484375
2023-01-03,128.18247985839844,1167.28466796875
2023-01-04,125.35396575927734,1149.7095947265625
2023-01-05,125.56825256347656,1147.6552734375
2023-01-06,126.29680633544922,1158.0863037109375
2023-01-09,126.98249816894531,1185.430419921875
2023-01-10,128.01104736328125,1167.90087890625
2023-01-11,125.82539367675781,1153.178955078125
2023-01-12,125.26824188232422,1128.2769775390625
2023-01-13,125.95397186279297,1126.4510498046875
2023-01-16,126.51107788085938,1115.723388671875
2023-01-17,126.7253646850586,1131.56396484375
2023-01-18,127.92533874511719,1129.692138671875
2023-01-19,130.06813049316406,1128.482421875
2023-01-20,129.93955993652344,1115.0614013671875
2023-01-23,130.58241271972656,1109.4237060546875
2023-01-24,130.41098022460938,1102.873046875
2023-01-25,130.66810607910156,1087.6259765625
2023-01-27,126.55392456054688,1066.992431640625
2023-01-30,124.19684600830078,1077.218017578125
2023-01-31,124.19684600830078,1074.5245361328125
2023-02-01,123.63973236083984,1068.156494140625
2023-02-02,122.95401000976562,1062.244873046875
2023-02-03,123.68257904052734,1063.1805419921875
2023-02-06,122.99689483642578,1055.1690673828125
2023-02-07,123.98257446289062,1052.6356201171875
2023-02-08,123.3397216796875,1073.6572265625
2023-02-09,125.3111343383789,1075.5289306640625
2023-02-10,125.73966217041016,1066.6728515625
2023-02-13,126.98249816894531,1060.6014404296875
2023-02-14,127.2396240234375,1085.5947265625
2023-02-15,126.42536163330078,1110.1768798828125
2023-02-16,133.62518310546875,1109.3095703125
2023-02-17,134.2251739501953,1113.9429931640625
2023-02-20,132.72520446777344,1102.16552734375
2023-02-21,132.08236694335938,1111.158447265625
2023-02-22,131.65380859375,1085.959716796875
2023-02-23,132.5537872314453,1080.755615234375
2023-02-24,136.38125610351562,1088.1510009765625
2023-02-27,136.60121154785156,1080.91552734375
2023-02-28,133.7855987548828,1060.2362060546875
2023-03-01,136.20529174804688,1069.982421875
2023-03-02,135.54537963867188,1061.833984375
2023-03-03,135.72134399414062,1088.927001953125
2023-03-06,139.19686889648438,1099.5633544921875
2023-03-08,139.24087524414062,1103.5120849609375
2023-03-09,137.5251007080078,1076.98974609375
2023-03-10,137.0851593017578,1060.3046875
2023-03-13,137.0851593017578,1042.8665771484375
2023-03-14,134.88546752929688,1038.9635009765625
2023-03-15,134.22557067871094,1021.2056884765625
2023-03-16,133.91757202148438,1016.1157836914062
2023-03-17,134.7534637451172,1014.837646484375
2023-03-20,134.00555419921875,1004.8632202148438
2023-03-21,133.34568786621094,1036.1102294921875
2023-03-22,133.34568786621094,1039.26025390625
2023-03-23,134.4455108642578,1026.1131591796875
2023-03-24,131.45391845703125,1005.7989501953125
2023-03-27,132.2018280029297,1021.4340209960938
2023-03-28,129.51820373535156,1026.2044677734375
2023-03-29,131.40994262695312,1020.133056640625
2023-03-31,132.90574645996094,1064.116455078125
2023-04-03,135.1934051513672,1064.299072265625
2023-04-05,134.53350830078125,1061.74267578125
2023-04-06,132.50978088378906,1068.8638916015625
2023-04-10,138.27296447753906,1061.2861328125
2023-04-11,139.9447479248047,1066.535888671875
2023-04-12,138.71292114257812,1071.2379150390625
2023-04-13,139.68080139160156,1075.2777099609375
2023-04-17,140.91261291503906,1080.73291015625
2023-04-18,140.86865234375,1068.3619384765625
2023-04-19,140.86865234375,1073.68017578125
2023-04-20,140.03274536132812,1070.9637451171875
2023-04-21,140.42868041992188,1072.310546875
2023-04-24,141.00062561035156,1076.4190673828125
2023-04-25,141.35255432128906,1084.6588134765625
2023-04-26,141.7925262451172,1078.290771484375
2023-04-27,140.82464599609375,1085.1153564453125
2023-04-28,139.85678100585938,1104.9500732421875
2023-05-02,144.5201416015625,1114.3310546875
2023-05-03,141.7925262451172,1104.7674560546875
2023-05-04,141.6605224609375,1117.503662109375
2023-05-05,141.04461669921875,1114.650634765625
2023-05-08,145.1800537109375,1128.4139404296875
2023-05-09,145.40000915527344,1131.9061279296875
2023-05-10,146.89581298828125,1139.6895751953125
2023-05-11,146.98379516601562,1132.2486572265625
2023-05-12,145.6199951171875,1134.0972900390625
2023-05-15,145.70797729492188,1136.3341064453125
2023-05-16,147.81967163085938,1120.1514892578125
2023-05-17,147.15975952148438,1113.5322265625
2023-05-18,146.36790466308594,1111.1357421875
2023-05-19,145.09202575683594,1114.7418212890625
2023-05-22,145.70797729492188,1120.69921875
2023-05-23,145.1800537109375,1120.49365234375
2023-05-24,146.27989196777344,1113.9658203125
2023-05-25,146.05992126464844,1113.8289794921875
2023-05-26,144.0802001953125,1144.2088623046875
2023-05-29,139.9007568359375,1150.6453857421875
2023-05-30,139.768798828125,1150.3486328125
2023-05-31,136.29327392578125,1127.5009765625
2023-06-01,135.1934051513672,1124.4652099609375
2023-06-02,136.11727905273438,1120.7904052734375
2023-06-05,136.7332000732422,1130.856201171875
2023-06-06,135.1934051513672,1131.81494140625
2023-06-07,135.36940002441406,1140.3970947265625
2023-06-08,137.34910583496094,1141.081787109375
2023-06-09,135.72134399414062,1133.0018310546875
2023-06-12,136.4252471923828,1134.006103515625
2023-06-13,136.95315551757812,1150.759521484375
2023-06-14,138.888916015625,1164.910888671875
2023-06-15,138.71292114257812,1165.2303466796875
2023-06-16,138.1410369873047,1176.574462890625
2023-06-19,138.84490966796875,1164.8880615234375
2023-06-20,138.36097717285156,1167.3074951171875
2023-06-21,140.9566192626953,1170.5943603515625
2023-06-22,139.85678100585938,1157.4471435546875
2023-06-23,138.05303955078125,1147.974853515625
2023-06-26,138.05303955078125,1139.210205078125
2023-06-27,138.888916015625,1139.62109375
2023-06-28,139.50482177734375,1154.708251953125
2023-06-30,141.04461669921875,1164.1805419921875
2023-07-03,143.33230590820312,1194.0582275390625
2023-07-04,141.8365020751953,1181.7557373046875
2023-07-05,143.2443084716797,1179.8155517578125
2023-07-06,145.531982421875,1204.5804443359375
2023-07-07,143.86019897460938,1202.2294921875
2023-07-10,143.20033264160156,1248.541015625
2023-07-11,144.82810974121094,1262.076171875
2023-07-12,147.51171875,1263.468505859375
2023-07-13,147.64369201660156,1252.170166015625
2023-07-14,148.91954040527344,1251.1202392578125
2023-07-17,146.411865234375,1276.6842041015625
2023-07-18,146.85182189941406,1287.5257568359375
2023-07-19,146.71981811523438,1297.2950439453125
2023-07-20,147.11578369140625,1295.7237548828125
2023-07-21,150.06336975097656,1255.613525390625
2023-07-24,150.45933532714844,1230.2166748046875
2023-07-25,152.2190704345703,1229.425537109375
2023-07-26,152.1750946044922,1249.4063720703125
2023-07-27,150.45933532714844,1237.7838134765625
2023-07-28,151.16322326660156,1250.2225341796875
2023-07-31,155.7825927734375,1260.8065185546875
2023-08-01,155.47463989257812,1242.9769287109375
2023-08-02,154.81471252441406,1229.697509765625
2023-08-03,151.42718505859375,1224.5291748046875
2023-08-04,152.52703857421875,1241.1717529296875
2023-08-07,152.1750946044922,1248.2442626953125
2023-08-08,152.52703857421875,1240.7264404296875
2023-08-09,155.6505889892578,1248.9119873046875
2023-08-10,157.19039916992188,1254.475830078125
2023-08-11,155.91456604003906,1259.767822265625
2023-08-14,156.61846923828125,1274.6546630859375
2023-08-16,157.5423583984375,1273.6160888671875
2023-08-17,156.3985137939453,1255.2425537109375
2023-08-18,154.6779022216797,1264.5406494140625
2023-08-21,155.3396759033203,1250.74267578125
2023-08-22,155.4279022216797,1250.44482421875
2023-08-23,154.8543701171875,1251.8345947265625
2023-08-24,152.73670959472656,1230.7904052734375
2023-08-25,154.14846801757812,1225.1075439453125
2023-08-28,154.58966064453125,1212.8978271484375
2023-08-29,155.0308380126953,1201.2838134765625
2023-08-30,155.074951171875,1200.1422119140625
2023-08-31,153.6631622314453,1194.65771484375
2023-09-01,160.36911010742188,1197.4619140625
2023-09-04,161.4279327392578,1196.494140625
2023-09-05,161.56033325195312,1202.8968505859375
2023-09-06,161.5161895751953,1205.4281005859375
2023-09-07,160.36911010742188,1207.06591796875
2023-09-08,162.75149536132812,1215.1064453125
2023-09-11,161.8249969482422,1228.20947265625
2023-09-12,159.61911010742188,1210.4659423828125
2023-09-13,162.2661895751953,1216.52099609375
2023-09-14,165.79562377929688,1217.6376953125
2023-09-15,164.6926727294922,1219.8961181640625
2023-09-18,164.78091430664062,1209.274658203125
2023-09-20,166.0603485107422,1182.323974609375
2023-09-21,164.73681640625,1173.712890625
2023-09-22,163.32504272460938,1168.8240966796875
2023-09-25,163.677978515625,1161.6273193359375
2023-09-26,165.6632843017578,1162.6446533203125
2023-09-27,165.22210693359375,1175.7476806640625
2023-09-28,165.39859008789062,1158.4755859375
2023-09-29,169.28099060058594,1163.8856201171875
2023-10-03,162.88385009765625,1150.55908203125
2023-10-04,161.25149536132812,1148.5738525390625
2023-10-05,160.7661895751953,1148.549072265625
2023-10-06,160.1044158935547,1150.4847412109375
2023-10-09,160.3249969482422,1140.6822509765625
2023-10-10,161.91323852539062,1145.719970703125
2023-10-11,161.6926727294922,1163.910400390625
2023-10-12,162.75149536132812,1166.0693359375
2023-10-13,163.14854431152344,1166.0198974609375
2023-10-16,164.60446166992188,1163.4140625
2023-10-17,164.33975219726562,1168.972900390625
2023-10-18,164.9573974609375,1153.4627685546875
2023-10-19,164.3838653564453,1144.603271484375
2023-10-20,164.29563903808594,1141.104248046875
2023-10-23,163.10446166992188,1123.2861328125
2023-10-25,162.66326904296875,1120.6802978515625
2023-10-26,159.61911010742188,1105.0709228515625
2023-10-27,163.01622009277344,1124.5765380859375
2023-10-30,166.5897674560547,1147.7548828125
2023-10-31,164.25148010253906,1135.5452880859375
2023-11-01,164.73681640625,1140.2603759765625
2023-11-02,164.29563903808594,1151.57666015625
2023-11-03,167.64859008789062,1151.3284912109375
2023-11-06,170.56040954589844,1160.9075927734375
2023-11-07,170.47215270996094,1153.3634033203125
2023-11-08,172.36924743652344,1159.368896484375
2023-11-09,170.03099060058594,1146.787109375
2023-11-10,172.85452270507812,1148.946044921875
2023-11-13,172.7663116455078,1148.7972412109375
2023-11-15,176.03102111816406,1169.5684814453125
2023-11-16,178.06048583984375,1171.6778564453125
2023-11-17,173.2515869140625,1169.121826171875
2023-11-20,174.57513427734375,1166.044677734375
2023-11-21,173.75723266601562,1180.7109375
2023-11-22,173.5754852294922,1185.326904296875
2023-11-23,173.2574005126953,1188.9500732421875
2023-11-24,171.6216278076172,1188.1558837890625
2023-11-28,176.25636291503906,1188.404052734375
2023-11-29,174.4842529296875,1191.5308837890625
2023-11-30,177.16513061523438,1179.9913330078125
2023-12-01,176.80162048339844,1188.3544921875
2023-12-04,183.617431640625,1201.209228515625
2023-12-05,183.617431640625,1209.9197998046875
2023-12-06,183.5265350341797,1221.5091552734375
2023-12-07,180.7547607421875,1219.4990234375
2023-12-08,178.0738983154297,1218.853759765625
2023-12-11,179.75515747070312,1220.6405029296875
2023-12-12,177.57406616210938,1203.1202392578125
2023-12-13,175.5293426513672,1208.03369140625
2023-12-14,178.0738983154297,1223.0228271484375
2023-12-15,182.70864868164062,1238.6324462890625
2023-12-18,180.8456573486328,1251.239013671875
2023-12-19,182.02706909179688,1269.6527099609375
2023-12-20,184.66250610351562,1254.2913818359375
2023-12-21,184.1626739501953,1271.8614501953125
2023-12-22,185.34405517578125,1273.1021728515625
2023-12-26,188.43392944335938,1279.554443359375
2023-12-27,186.79812622070312,1283.922119140625
2023-12-28,189.29722595214844,1293.203369140625
2023-12-29,186.34373474121094,1282.9791259765625
2024-01-01,186.61636352539062,1285.6097412109375
2024-01-02,188.16128540039062,1296.255859375
2024-01-03,189.2517852783203,1282.16015625
2024-01-04,195.0679473876953,1288.7860107421875
2024-01-05,196.70372009277344,1294.2705078125
2024-01-08,198.06687927246094,1284.17041015625
2024-01-09,196.885498046875,1280.7703857421875
2024-01-10,192.75059509277344,1315.3148193359375
2024-01-11,192.5233917236328,1349.9088134765625
2024-01-12,203.01971435546875,1360.6541748046875
2024-01-15,212.19830322265625,1383.8822021484375
2024-01-16,213.65232849121094,1364.5255126953125
2024-01-17,210.8805694580078,1351.5714111328125
2024-01-18,212.2437286376953,1357.8995361328125
2024-01-19,219.9683074951172,1357.4031982421875
2024-01-23,208.92672729492188,1318.8138427734375
2024-01-24,212.97076416015625,1334.00146484375
2024-01-25,212.6981201171875,1343.1337890625
2024-01-29,229.4649658203125,1437.4111328125
2024-01-30,226.46600341796875,1397.2830810546875
2024-01-31,229.23777770996094,1416.1434326171875
2024-02-01,225.05740356445312,1416.1683349609375
2024-02-02,233.78163146972656,1446.990234375
2024-02-05,238.96163940429688,1428.452392578125
2024-02-06,247.45863342285156,1417.3099365234375
2024-02-07,247.09515380859375,1431.554443359375
2024-02-08,248.23109436035156,1439.4708251953125
2024-02-09,243.14199829101562,1450.0177001953125
2024-02-12,234.37234497070312,1441.679443359375
2024-02-13,235.82640075683594,1454.335693359375
2024-02-14,244.3234100341797,1470.4912109375
2024-02-15,252.0024871826172,1459.79541015625
2024-02-16,253.29342651367188,1449.843994140625
2024-02-19,253.24728393554688,1463.17041015625
2024-02-20,255.04534912109375,1460.21728515625
2024-02-21,251.67979431152344,1456.916748046875
2024-02-22,253.29342651367188,1470.863525390625
2024-02-23,250.9882354736328,1482.6512451171875
2024-02-26,248.82138061523438,1476.3974609375
2024-02-27,248.36033630371094,1474.73486328125
2024-02-28,245.04087829589844,1444.930419921875
2024-02-29,243.98048400878906,1450.0675048828125
2024-03-01,249.46681213378906,1481.1622314453125
2024-03-04,257.4427490234375,1496.3250732421875
2024-03-05,261.63818359375,1489.177978515625
2024-03-06,258.4109191894531,1491.957275390625
2024-03-07,256.428466796875,1468.059326171875
2024-03-11,252.6479949951172,1455.8248291015625
2024-03-12,249.3284912109375,1464.5849609375
2024-03-13,235.45132446289062,1421.6527099609375
2024-03-14,242.7356719970703,1420.957763671875
2024-03-15,238.5863494873047,1407.80517578125
2024-03-18,241.2142791748047,1428.899169921875
2024-03-19,239.0474090576172,1414.778564453125
2024-03-20,243.2889404296875,1433.1427001953125
2024-03-21,242.4590606689453,1440.3145751953125
2024-03-22,242.7356719970703,1444.3348388671875
2024-03-26,244.8103485107422,1430.983642578125
2024-03-27,241.35256958007812,1481.8818359375
2024-03-28,247.16160583496094,1474.933349609375
2024-04-01,248.86744689941406,1473.8662109375
2024-04-02,251.26483154296875,1476.025146484375
2024-04-03,253.89276123046875,1460.7880859375
2024-04-04,248.03759765625,1452.1767578125
2024-04-05,247.06942749023438,1449.3724365234375
2024-04-08,249.3284912109375,1475.057373046875
2024-04-09,247.9915313720703,1452.896484375
2024-04-10,250.80381774902344,1468.7044677734375
2024-04-12,244.99478149414062,1456.370849609375
2024-04-15,258.0421142578125,1454.062744140625
2024-04-16,261.08489990234375,1454.98095703125
2024-04-18,252.78627014160156,1453.5665283203125
2024-04-19,253.80055236816406,1459.323974609375
2024-04-22,255.22979736328125,1468.9774169921875
2024-04-23,255.22979736328125,1448.603271484375
2024-04-24,257.5810852050781,1439.5205078125
2024-04-25,259.9784851074219,1449.2484130859375
2024-04-26,260.8544006347656,1441.8780517578125
2024-04-29,261.13104248046875,1454.2613525390625
2024-04-30,260.80828857421875,1456.221923828125
2024-05-02,260.76220703125,1455.775146484375
2024-05-03,263.8050231933594,1423.46435546875
2024-05-06,260.162841796875,1409.095703125
2024-05-07,252.27911376953125,1391.17822265625
2024-05-08,255.27586364746094,1408.1278076171875
2024-05-09,244.57984924316406,1383.8822021484375
2024-05-10,249.19021606445312,1397.0845947265625
2024-05-13,246.10122680664062,1392.394287109375
2024-05-14,251.63365173339844,1409.6416015625
2024-05-15,252.140869140625,1405.86962890625
2024-05-16,256.0135192871094,1414.8778076171875
2024-05-17,255.82916259765625,1425.15185546875
2024-05-21,258.2726135253906,1425.57373046875
2024-05-22,256.3362731933594,1449.91845703125
2024-05-23,261.361572265625,1475.1319580078125
2024-05-24,261.1771545410156,1469.37451171875
2024-05-27,256.0135192871094,1455.4774169921875
2024-05-28,252.92457580566406,1445.501220703125
2024-05-29,250.66552734375,1430.1895751953125
2024-05-30,245.91683959960938,1414.3814697265625
2024-05-31,243.74996948242188,1419.8907470703125
2024-06-03,261.9609069824219,1499.228515625
2024-06-04,217.8858184814453,1387.0091552734375
2024-06-05,228.21304321289062,1410.3116455078125
2024-06-06,232.63900756835938,1421.0819091796875
2024-06-07,240.1077880859375,1459.1500244140625
2024-06-10,238.95518493652344,1460.5894775390625
2024-06-11,252.23300170898438,1445.9727783203125
2024-06-12,254.03106689453125,1452.57373046875
2024-06-13,254.99923706054688,1454.4847412109375
2024-06-14,253.9388427734375,1466.6944580078125
2024-06-18,254.30767822265625,1470.1439208984375
2024-06-19,250.38888549804688,1447.9332275390625
2024-06-20,250.66552734375,1462.87255859375
2024-06-21,248.63693237304688,1443.515869140625
2024-06-24,248.86744689941406,1430.88427734375
2024-06-25,246.19345092773438,1443.46630859375
2024-06-26,246.88502502441406,1502.9013671875
2024-06-27,246.65447998046875,1519.3050537109375
2024-06-28,252.83241271972656,1553.89892578125
2024-07-01,251.67979431152344,1548.6875
2024-07-02,253.4317169189453,1553.675537109375
2024-07-03,253.29342651367188,1541.019287109375
2024-07-04,255.4602508544922,1542.6075439453125
2024-07-05,265.74139404296875,1576.9532470703125
2024-07-08,275.83807373046875,1589.1380615234375
2024-07-09,274.27056884765625,1578.5911865234375
2024-07-10,274.916015625,1572.5855712890625
2024-07-11,281.0017395019531,1569.036865234375
2024-07-12,283.1685791015625,1584.9937744140625
2024-07-15,297.3684997558594,1585.4901123046875
2024-07-16,297.5068054199219,1564.669189453125
2024-07-18,305.8515930175781,1575.0177001953125
2024-07-19,294.7406005859375,1543.7242431640625
2024-07-22,295.80096435546875,1489.6495361328125
2024-07-23,289.669189453125,1476.96826171875
2024-07-24,294.6484069824219,1484.7109375
2024-07-25,309.6320495605469,1481.435302734375
2024-07-26,305.7593688964844,1497.9381103515625
2024-07-29,306.95806884765625,1508.931640625
2024-07-30,306.0359802246094,1502.0328369140625
2024-07-31,308.15673828125,1494.364501953125
2024-08-01,315.118408203125,1504.1671142578125
2024-08-02,304.376220703125,1488.309326171875
2024-08-05,286.0730895996094,1436.69140625
2024-08-06,282.24652099609375,1445.352294921875
2024-08-07,303.45416259765625,1454.062744140625
2024-08-08,297.55291748046875,1438.4781494140625
2024-08-09,306.63531494140625,1463.46826171875
2024-08-12,314.7034606933594,1449.8936767578125
2024-08-13,309.7242736816406,1452.8717041015625
2024-08-14,302.5782165527344,1451.109619140625
2024-08-16,303.91522216796875,1467.339599609375
2024-08-19,309.1710205078125,1482.4791259765625
2024-08-20,304.376220703125,1489.9990234375
2024-08-21,302.1632995605469,1492.7132568359375
2024-08-22,299.0743408203125,1492.1654052734375
2024-08-23,296.3330993652344,1494.008056640625
2024-08-26,304.6497497558594,1506.5828857421875
2024-08-27,305.5789794921875,1494.481201171875
2024-08-28,304.603271484375,1492.33984375
2024-08-29,306.2759094238281,1514.874755859375
2024-08-30,307.34454345703125,1503.6197509765625
2024-09-02,303.1165466308594,1510.2183837890625
2024-09-03,299.39959716796875,1503.1217041015625
2024-09-04,292.1515197753906,1508.525146484375
2024-09-05,289.36383056640625,1487.035888671875
2024-09-06,286.94781494140625,1458.997802734375
2024-09-09,277.7483825683594,1456.63232421875
2024-09-10,274.681884765625,1455.7110595703125
2024-09-11,265.11077880859375,1445.7259521484375
2024-09-12,273.2415771484375,1473.913330078125
2024-09-13,270.82562255859375,1466.766845703125
2024-09-16,271.80126953125,1465.4969482421875
2024-09-17,273.79913330078125,1466.4432373046875
2024-09-18,269.84991455078125,1457.6282958984375
2024-09-19,265.0643005371094,1463.82861328125
2024-09-20,265.99359130859375,1480.0140380859375
2024-09-23,274.54254150390625,1487.434326171875
2024-09-24,278.2594909667969,1483.4501953125
2024-09-25,277.56256103515625,1488.0069580078125
2024-09-26,274.31024169921875,1491.9910888671875
2024-09-27,276.168701171875,1520.1038818359375
2024-09-30,276.5404052734375,1470.701171875
2024-10-01,271.29022216796875,1458.997802734375
2024-10-03,271.38311767578125,1401.3780517578125
2024-10-04,274.3567199707031,1381.0093994140625
2024-10-07,268.9671325683594,1365.272216796875
2024-10-08,272.68408203125,1391.791259765625
2024-10-09,268.0843200683594,1369.1318359375
2024-10-10,268.316650390625,1365.595947265625
2024-10-11,271.84771728515625,1366.6417236328125
2024-10-14,266.22589111328125,1367.0650634765625
2024-10-15,263.6240234375,1338.678466796875
2024-10-16,265.2037048339844,1348.6884765625
2024-10-17,261.6726379394531,1351.0291748046875
2024-10-18,263.2523193359375,1353.8927001953125
2024-10-21,257.0264587402344,1363.7532958984375
2024-10-22,251.63690185546875,1338.006103515625
2024-10-23,251.683349609375,1333.2003173828125
2024-10-24,250.0571746826172,1334.4703369140625
2024-10-25,245.36453247070312,1322.5677490234375
2024-10-28,244.71408081054688,1329.0418701171875
2024-10-29,246.24732971191406,1334.66943359375
2024-10-30,243.13436889648438,1338.553955078125
2024-10-31,247.31591796875,1326.7510986328125
2024-11-01,252.51963806152344,1333.3248291015625
2024-11-04,246.5260772705078,1296.9700927734375
2024-11-05,248.47747802734375,1300.1075439453125
2024-11-06,250.01068115234375,1320.0777587890625
2024-11-07,246.4331817626953,1300.4561767578125
2024-11-08,243.97068786621094,1278.6431884765625
2024-11-11,238.72048950195312,1267.6370849609375
2024-11-12,238.02357482910156,1269.1810302734375
2024-11-13,234.6783447265625,1247.0693359375
2024-11-14,233.05218505859375,1262.5574951171875
2024-11-18,232.91278076171875,1255.7347412109375
2024-11-19,236.10206604003906,1236.710693359375
2024-11-21,230.53271484375,1218.1348876953125
2024-11-22,233.8172149658203,1260.3662109375
2024-11-25,245.52711486816406,1281.8802490234375
2024-11-26,242.05221557617188,1290.545654296875
2024-11-27,242.09983825683594,1288.0555419921875
2024-11-28,240.1005859375,1265.7447509765625
2024-11-29,244.38470458984375,1287.0595703125
2024-12-02,245.1938934326172,1303.9422607421875
2024-12-03,249.76364135742188,1318.035888671875
2024-12-04,248.1927947998047,1303.742919921875
2024-12-05,248.76397705078125,1316.7908935546875
2024-12-06,247.57395935058594,1306.3326416015625
2024-12-09,246.47914123535156,1289.9979248046875
2024-12-10,244.5750732421875,1279.73876953125
2024-12-11,244.28948974609375,1273.115234375
2024-12-12,241.86183166503906,1257.876220703125
2024-12-13,242.05221557617188,1267.78662109375
2024-12-16,239.7197723388672,1263.2547607421875
2024-12-17,235.53085327148438,1240.34619140625
2024-12-18,232.43678283691406,1248.2645263671875
2024-12-19,230.24713134765625,1225.55517578125
2024-12-20,225.72500610351562,1200.50537109375
2024-12-23,229.29510498046875,1217.437744140625
2024-12-24,227.4862518310547,1217.8858642578125
2024-12-26,228.723876953125,1211.7105712890625
2024-12-27,225.5345916748047,1216.1927490234375
2024-12-30,221.48849487304688,1205.8837890625
